{"version":1,"hash":{"type":"Buffer","data":"ogw3nbkhDHbQMhqompQjhxWVpuhlb+ZuNKntSRB1+g2Bsj++avcOF9NZYCd9lsQXbvugrz9otjKj6kqpSU2LU4xP/XHm6OVuQGAG0HyFVWiSTt58RZpKCu9e+xm2Mslu5s8ann/hj0Ibb3XNWdVBH+HqGVbVYG30KClq70tu6Hs="},"indexValueMap":{"a/8InxuLwpj5EHnfJ5TnUI3stl7z9NbpgV0KVKlPAmo=":{"valueMac":{"type":"Buffer","data":"QwkVZmOFekMBq6lY7EqiDW6jrCtvZiBS2yybHmmS9TE="}},"fVK6dJXjl7pfvoKRMslQ0yeb/WQLcwLBHvF71Jo9meo=":{"valueMac":{"type":"Buffer","data":"hjWsZE0FtagVH0w2/vNsW4P+gizTF+EFCxe5swL5Q1M="}},"DP/0CNGhlBMzBGBkCkSsbVPONF9y1WqsQ2p508loosg=":{"valueMac":{"type":"Buffer","data":"5kdJLwm1CZNv9MFavis1HU/lULtTqw9pJ8MK1LLfVT0="}},"IsWjVWEnJQIxpUCPwp/YzEpXx6p7o2ihDQ/4nQf0CsA=":{"valueMac":{"type":"Buffer","data":"aKO6nEs1QP7XnODJQp4zXp29XxM3xOV8BDAOgIVcyew="}},"GDZxGzviVKctXzai3lxq4H++oyvf/syUs9leOOYXJgM=":{"valueMac":{"type":"Buffer","data":"lZZOLpjE21TXK1nKDnQZQ6xZkSd9AdLtSEfCFg7BMm4="}},"NKduF4QgxelbORGVcrKg6Js/GWIyAGnhwlcjiqWwkxk=":{"valueMac":{"type":"Buffer","data":"phaGRt9X4HLAVwyEc+OmQRrZXjlarK5V4MQvbk7UgBI="}},"6rgO4/Bc94AP0yu2oNbD1hD2VdTl+ugTknGrPkr6CvM=":{"valueMac":{"type":"Buffer","data":"El4hH1j+E6HiaVU1jF3vNkaVkoOdrJfTI3ZJzwbpI7E="}},"zQgnS07IYXG/jcgzB0Tc7jml8dY3/I2cyLM1bXJ9RyE=":{"valueMac":{"type":"Buffer","data":"YoEnwBTMKMT/tvgoTiioUjEmYsfcDwQsWoKni+Gqfaw="}},"2Fgn44hTIYf3l90/bj9oNeUQahV9/1cGX3QtxZ6cQtY=":{"valueMac":{"type":"Buffer","data":"qrlsvZ6QJ+yLuXyz7Msc0U6IS+VkOBeglncJU9StV9E="}}}}