{"version":2,"hash":{"type":"Buffer","data":"UJPxC2ldWgI7UaxeHu1DfVtOs1slTMNeVrPQJSmeCiAvuWC85fQ9D0Qfw8tBItxDPXGw8rkadM8XWUd63rFlzl3EaJ+0Lo8+YjrSrxx98wpZFTaRjkMS9Azmt9XbuxxPbCu+Uz/lS4j7eeTojoLg7OAykk5RMS5inem2fE7vBRU="},"indexValueMap":{"Ifl1QGGyq0qUkO9+o3XHX7FX5oLJuRSj7bBnka5YL5U=":{"valueMac":{"type":"Buffer","data":"kTAMyA6hBUI9dbvGbpS7STzPYAA44W7oai3r5WuR+yk="}},"UoAyo/+SVS/GD+H2hz5I8vTcFB371KvF+4lWsTsTtZg=":{"valueMac":{"type":"Buffer","data":"OLOjqyN8JNciwUZUldzsLHu1J1cq+2u9RXZo6QyJ9+g="}},"5DVmoq9SBkWU5f0enLk/555n3sgjRfb9Low+45oOoBo=":{"valueMac":{"type":"Buffer","data":"7bTyvJz1yrTzS2Yk3eq1N29G4jQ7qNHkDx1yL0+D0SE="}},"k691rqcNbkOerB6EEYE4XD9wIlHfs7FxG24xVOsaFjM=":{"valueMac":{"type":"Buffer","data":"hTdDBJke2nCVeWBTDvwFObZ7/OkCuDeh0euvebU1WzA="}},"GzbzerUYwvHeG4tzm1VUkCLxgwKmzrKnJVmsRlz+83w=":{"valueMac":{"type":"Buffer","data":"3UIDX1ewQQmHVunD5rvjW3BJZsgmrvanAdRHk+MAnfc="}},"V7GAl6r2OYx9r4KM2zUs9t0K8eTLai68Tnyzk7ju+w0=":{"valueMac":{"type":"Buffer","data":"yNIt7lGMwP3dj18fsDvLRFFR9FMYjXueSGCVia/EA30="}},"eBTzMCUazwdA/R6/DqLRlMQQh6bk11aVZmKhmi1/RKc=":{"valueMac":{"type":"Buffer","data":"U0VNv0LBTyy2oP+dhWaVPYI3KxqtFGSQr8zN5rnWR70="}},"VXiAdiNrXHP9g/DWmgUzALlcgqUiux2JNSydDU9g9ew=":{"valueMac":{"type":"Buffer","data":"blY6XQ0anH05+ClbqPDzJRAWl7wZQqeBJx5nJPFTkjo="}},"GXaXoMINH2ylVUK1LW1smwuYF4R4g9II4o8khKZgKZ0=":{"valueMac":{"type":"Buffer","data":"9MYHyCEEI253vdHmlm0ncV9z3y2q3AKfn1AEp+c+uCU="}}}}