{"noiseKey":{"private":{"type":"Buffer","data":"GIJExQXIxRTpWMw6gz6/dET0JUOa4gp4Yn7O/v02wV0="},"public":{"type":"Buffer","data":"QcT/xz5HO6JumxOOI9A7srbi+KVDvcVYyUT0WE8xVAE="}},"signedIdentityKey":{"private":{"type":"Buffer","data":"CKKovV+E76305JziVZpPQfalKYDbsbgvgKq0kPonn2I="},"public":{"type":"Buffer","data":"SVpsHSvyqXNOUlDnaWvuU/37dmKJNqTliwqf8FhbWQg="}},"signedPreKey":{"keyPair":{"private":{"type":"Buffer","data":"+MU1PJMbb+UnR8izaCWcDtG1Oleqh2dvLgszG11qrX4="},"public":{"type":"Buffer","data":"5/SigJv8DZMyYUFcCngu2USqkdIGL1MVMHniez+p0k0="}},"signature":{"type":"Buffer","data":"Q4KL39Ss45ugLhJvOlnKrm1pAjtD5DwGnHF1z3OX4ONSt3ywaf04/AHNnNIvaccZdeFE2G7ApkMn3nvzmY7EiA=="},"keyId":1},"registrationId":198,"advSecretKey":"CtbXNVPK4chBJvlhDSVM1ULcGc5oAQ7iLY1EfWE0f/0=","processedHistoryMessages":[{"key":{"remoteJid":"6285733953805@s.whatsapp.net","fromMe":true,"id":"851A21B3600A837B94B497F3D8C07E3E"},"messageTimestamp":1676241128},{"key":{"remoteJid":"6285733953805@s.whatsapp.net","fromMe":true,"id":"AA22B76B0D86B128934C3815A45EB31C"},"messageTimestamp":1676241128},{"key":{"remoteJid":"6285733953805@s.whatsapp.net","fromMe":true,"id":"B0EFA5ED14845D540CAFAC325DF9F7FA"},"messageTimestamp":1676241130}],"nextPreKeyId":122,"firstUnuploadedPreKeyId":122,"accountSettings":{"unarchiveChats":false},"account":{"details":"CJf37ZgBEOPRpZ8GGAE=","accountSignatureKey":"QHWnFHvJGO6mm/o8fzfsCXeAgFtgszf//0E3kvHbFz8=","accountSignature":"34eC9vJStaXK7n946E5EtfkcPcLsgpMxp+y5hmRFyuNs0WkFq2QQCTPGusA2WHcLa+0IUY6yk/YbDb+0VuTpBA==","deviceSignature":"ljBfDJyt3DOzcs7qUv7vUq/HEIuwzAs9Bp+uAbE7vTMo3O03/up8H7ou2a+CF4sJBriRGC7GkqVgPqOnvHlbgA=="},"me":{"id":"6285733953805:1@s.whatsapp.net","name":"Bot Nopal"},"signalIdentities":[{"identifier":{"name":"6285733953805:1@s.whatsapp.net","deviceId":0},"identifierKey":{"type":"Buffer","data":"BUB1pxR7yRjuppv6PH837Al3gIBbYLM3//9BN5Lx2xc/"}}],"platform":"smba","lastAccountSyncTimestamp":1676704115,"myAppStateKeyId":"AAAAAOOr"}