[{"senderKeyId":334935492,"senderChainKey":{"iteration":47,"seed":"HIwUraXnUDFoUUvbbBXob26I71mHWLhlGa2o1rpXiHA="},"senderSigningKey":{"public":"BQcTV3oz5SRkHFbYXKK1MPUqaGIoLxhN35EoHpgKDFZq"},"senderMessageKeys":[]},{"senderKeyId":1702566643,"senderChainKey":{"iteration":1,"seed":"KUyrZBnlL9TpaB8WPrR+zqI6Azr8PEiCDY34cTnX7k4="},"senderSigningKey":{"public":"Bd8aGXg+L7GEjIuqj/GjGOcWwKGFTG/X6fJZ81vtDWgl"},"senderMessageKeys":[]},{"senderKeyId":1702566643,"senderChainKey":{"iteration":6,"seed":"HHN+kWrxPnUELdXDmc0DbRxXfiyEzUv4qt1RLuOfDyA="},"senderSigningKey":{"public":"Bd8aGXg+L7GEjIuqj/GjGOcWwKGFTG/X6fJZ81vtDWgl"}},{"senderKeyId":1702566643,"senderChainKey":{"iteration":6,"seed":"HHN+kWrxPnUELdXDmc0DbRxXfiyEzUv4qt1RLuOfDyA="},"senderSigningKey":{"public":"Bd8aGXg+L7GEjIuqj/GjGOcWwKGFTG/X6fJZ81vtDWgl"}},{"senderKeyId":1702566643,"senderChainKey":{"iteration":6,"seed":"HHN+kWrxPnUELdXDmc0DbRxXfiyEzUv4qt1RLuOfDyA="},"senderSigningKey":{"public":"Bd8aGXg+L7GEjIuqj/GjGOcWwKGFTG/X6fJZ81vtDWgl"}},{"senderKeyId":1702566643,"senderChainKey":{"iteration":6,"seed":"HHN+kWrxPnUELdXDmc0DbRxXfiyEzUv4qt1RLuOfDyA="},"senderSigningKey":{"public":"Bd8aGXg+L7GEjIuqj/GjGOcWwKGFTG/X6fJZ81vtDWgl"}},{"senderKeyId":1702566643,"senderChainKey":{"iteration":6,"seed":"HHN+kWrxPnUELdXDmc0DbRxXfiyEzUv4qt1RLuOfDyA="},"senderSigningKey":{"public":"Bd8aGXg+L7GEjIuqj/GjGOcWwKGFTG/X6fJZ81vtDWgl"}}]