[{"senderKeyId":1910374075,"senderChainKey":{"iteration":25,"seed":"yKJ+jY941yaEm//uTBoKDAbV6QoSbhTorEKXglVmMHY="},"senderSigningKey":{"public":"BROmQRBaBJaPxTPFid9dK06Qt0ThRcpCc5u+Fc5hQhda"},"senderMessageKeys":[]},{"senderKeyId":1910374075,"senderChainKey":{"iteration":13,"seed":"SyXiDDVpszywpaJ3cUMy7mgPgjJ53OXXERk0xhFvPo0="},"senderSigningKey":{"public":"BROmQRBaBJaPxTPFid9dK06Qt0ThRcpCc5u+Fc5hQhda"},"senderMessageKeys":[]},{"senderKeyId":1910374075,"senderChainKey":{"iteration":16,"seed":"dqZ2Ylk6feYTCFWBDiGjPt89pYzjVG9cCuOc+SOMMNQ="},"senderSigningKey":{"public":"BROmQRBaBJaPxTPFid9dK06Qt0ThRcpCc5u+Fc5hQhda"},"senderMessageKeys":[]},{"senderKeyId":1910374075,"senderChainKey":{"iteration":17,"seed":"0nKIKAdk2o9lUjhtWtA/diGnq7tW0vJnCjnbS1AxaLA="},"senderSigningKey":{"public":"BROmQRBaBJaPxTPFid9dK06Qt0ThRcpCc5u+Fc5hQhda"},"senderMessageKeys":[]},{"senderKeyId":1910374075,"senderChainKey":{"iteration":18,"seed":"dCLn8rHxDhQwjmmy7jMbSi/YnBS8sv+bbJUOQVrW71g="},"senderSigningKey":{"public":"BROmQRBaBJaPxTPFid9dK06Qt0ThRcpCc5u+Fc5hQhda"},"senderMessageKeys":[]},{"senderKeyId":1910374075,"senderChainKey":{"iteration":22,"seed":"avzxuUwScpPoDoA0rgpmCsxFhn6WUUCoLFkeySg9chQ="},"senderSigningKey":{"public":"BROmQRBaBJaPxTPFid9dK06Qt0ThRcpCc5u+Fc5hQhda"},"senderMessageKeys":[]},{"senderKeyId":875229455,"senderChainKey":{"iteration":1,"seed":"/peYhcZPf2Bzo6grFEzVipVXRYqqjvc3k1ICIlQw+fw="},"senderSigningKey":{"public":"Bd2RTm6UsUN5v76a/+fEf4blsF84KhN5LAu6edTtql5q"},"senderMessageKeys":[]},{"senderKeyId":875229455,"senderChainKey":{"iteration":5,"seed":"csIKvwlhzwr3S0tbJ11Jhryx/ebIf2nuCHYGk7OnJwE="},"senderSigningKey":{"public":"Bd2RTm6UsUN5v76a/+fEf4blsF84KhN5LAu6edTtql5q"}},{"senderKeyId":875229455,"senderChainKey":{"iteration":5,"seed":"csIKvwlhzwr3S0tbJ11Jhryx/ebIf2nuCHYGk7OnJwE="},"senderSigningKey":{"public":"Bd2RTm6UsUN5v76a/+fEf4blsF84KhN5LAu6edTtql5q"}},{"senderKeyId":875229455,"senderChainKey":{"iteration":5,"seed":"csIKvwlhzwr3S0tbJ11Jhryx/ebIf2nuCHYGk7OnJwE="},"senderSigningKey":{"public":"Bd2RTm6UsUN5v76a/+fEf4blsF84KhN5LAu6edTtql5q"}},{"senderKeyId":875229455,"senderChainKey":{"iteration":5,"seed":"csIKvwlhzwr3S0tbJ11Jhryx/ebIf2nuCHYGk7OnJwE="},"senderSigningKey":{"public":"Bd2RTm6UsUN5v76a/+fEf4blsF84KhN5LAu6edTtql5q"}}]