[{"senderKeyId":1107532822,"senderChainKey":{"iteration":0,"seed":"4AxoQDZ6dAQo3rdts3jFG5Mt96jKK8wn7cavIzY6akU="},"senderSigningKey":{"public":"Bf2D5O0UgRCSUHRd6oLFMnJ6omOD8ZKIVs4NQ0gDLjoL"},"senderMessageKeys":[]},{"senderKeyId":1107532822,"senderChainKey":{"iteration":1,"seed":"rfUp22yB3JbSVinv0CBV+IIpihYfmgD+M2p4ZQmV85U="},"senderSigningKey":{"public":"Bf2D5O0UgRCSUHRd6oLFMnJ6omOD8ZKIVs4NQ0gDLjoL"},"senderMessageKeys":[]},{"senderKeyId":156204055,"senderChainKey":{"iteration":7,"seed":"WZPgRVnP5QEcv6A68LGC1W7Am+JW/GTpM1dySu8yMKk="},"senderSigningKey":{"public":"BVVVrRGliHkVJz/HJZ4kqokXRYCKsAz9lQG65a6ILCRN"},"senderMessageKeys":[]},{"senderKeyId":461261385,"senderChainKey":{"iteration":0,"seed":"+mxsOMcOPpkD3m77xYsBcJ8Jl620rOi7wRQ8vLqzBUc="},"senderSigningKey":{"public":"BZrbIiDIa9euDROYvYWaSXElQTEUCo6op8+SBV5uIMNj"},"senderMessageKeys":[]},{"senderKeyId":1609266196,"senderChainKey":{"iteration":0,"seed":"x/IENmrwJL+1W9dycOV08CIfRkURFHXGT/Aj43DsEjQ="},"senderSigningKey":{"public":"BdRqwa0l2bicwRaQq8wicxISwVT9kflAts8RZ97qjW4y"},"senderMessageKeys":[]},{"senderKeyId":1512437438,"senderChainKey":{"iteration":0,"seed":"uEEQeX25+Vnr+4sLlVdmF3q8Nj8IsgmzeX/zFfmnXbA="},"senderSigningKey":{"public":"BSV0JN7tswcUC0lRLKh+zF3m9kjs5AogYkVgOvtNFHMM"},"senderMessageKeys":[]},{"senderKeyId":1512437438,"senderChainKey":{"iteration":1,"seed":"ez4Atp6aBsoGgcS8C6D0K9Ay9H47WvZEsG/a6L87z0E="},"senderSigningKey":{"public":"BSV0JN7tswcUC0lRLKh+zF3m9kjs5AogYkVgOvtNFHMM"},"senderMessageKeys":[]},{"senderKeyId":1512437438,"senderChainKey":{"iteration":2,"seed":"10UTWu2AhOLkzs1R7IawQxl9QupacLIAM3QjE3bMIi0="},"senderSigningKey":{"public":"BSV0JN7tswcUC0lRLKh+zF3m9kjs5AogYkVgOvtNFHMM"}}]