[{"senderKeyId":902130328,"senderChainKey":{"iteration":1,"seed":"05+hS7rpicKbXVQrf/j5fq8CZx+BnPc4zPvy9Qeh//s="},"senderSigningKey":{"public":"BZYofOVoxNQfX0WoFtxoUwiaO6i3cmKBQ92qZwli3ZpV"},"senderMessageKeys":[]},{"senderKeyId":1669759125,"senderChainKey":{"iteration":0,"seed":"ea9qHjrky3aAeTurip8QZQfg5Z/+zB9C2UvjaDQzGYI="},"senderSigningKey":{"public":"BaH/gyX7DDSFsDMF0YOLDpQU3UFSAOvaBRcp2A5QDOBo"},"senderMessageKeys":[]},{"senderKeyId":1669759125,"senderChainKey":{"iteration":2,"seed":"SnIhfpgWms8ydRFlw5m8+91nghE6xkKuDLO40nQiwYU="},"senderSigningKey":{"public":"BaH/gyX7DDSFsDMF0YOLDpQU3UFSAOvaBRcp2A5QDOBo"}}]