[{"senderKeyId":1810558357,"senderChainKey":{"iteration":12,"seed":"m4LXu0t/BDp+fsmzetikKuHus9vzOWfH6YH7FIT+APE="},"senderSigningKey":{"public":"BY9reMVN5/l8WIEeH8Nh3G2cQPwvWFjo4DhSIq5NAvBQ"},"senderMessageKeys":[{}]},{"senderKeyId":1223777418,"senderChainKey":{"iteration":0,"seed":"q7jA/cxF1VAvORxlDG2v77G8I9GETWoRlH+M+swSkT0="},"senderSigningKey":{"public":"BQK3gVmveWpoht6TMFEtoqqdEaYgNZ0HQ4Sc1xl/tDdw"},"senderMessageKeys":[]},{"senderKeyId":1455507918,"senderChainKey":{"iteration":0,"seed":"JISDtf6UXxQq87zoyH50rw00OcLCAVXMrjjSPLT/ar0="},"senderSigningKey":{"public":"Bc2yAS1qSOkhg7Rq3qoZtvs2YuRwqUHgC10ps6IUH3FY"},"senderMessageKeys":[]},{"senderKeyId":615295189,"senderChainKey":{"iteration":1,"seed":"Jajuz3dEV4yqM6JI05Qa1X6hXwD/ZyzXmjtD1xqmYP0="},"senderSigningKey":{"public":"BaktEyHIByVYgtuL5UECtUzuH4xNdc8WFzDBgTGG3plj"},"senderMessageKeys":[]},{"senderKeyId":632868510,"senderChainKey":{"iteration":3,"seed":"Lfe/T3h8oBm1lPWJxSsxkWZd0Wxy0T7vEOXQZpKcpZs="},"senderSigningKey":{"public":"Ba68RE9b6CP2feOTDCGfZwYlez7d+kVH7yhEKgZjcGYZ"},"senderMessageKeys":[]},{"senderKeyId":1680759960,"senderChainKey":{"iteration":5,"seed":"m+eN3xJvs9pEoWPKiUu6/vWvd5kEtPHpu50tEf3bfQE="},"senderSigningKey":{"public":"BZbRyWzQZId4ssYlpm4bEqi0U4aCl/sQGZnUANN3re9V"},"senderMessageKeys":[]},{"senderKeyId":1680759960,"senderChainKey":{"iteration":3,"seed":"jXU9lL/HCnsD55BMiqwpdudvODLTlhJXBFia1ofLzd0="},"senderSigningKey":{"public":"BZbRyWzQZId4ssYlpm4bEqi0U4aCl/sQGZnUANN3re9V"},"senderMessageKeys":[]},{"senderKeyId":1680759960,"senderChainKey":{"iteration":4,"seed":"Ag+/dOCurRcusP/YuC1FLn3YNEXXFDCrnoChIa+nMNo="},"senderSigningKey":{"public":"BZbRyWzQZId4ssYlpm4bEqi0U4aCl/sQGZnUANN3re9V"},"senderMessageKeys":[]},{"senderKeyId":342642045,"senderChainKey":{"iteration":1,"seed":"1dvZ5DKFuniTC8pwlaM2JGeunUuegeaXUNqrsoQK8ck="},"senderSigningKey":{"public":"Bf0updU4mlRWbNY/9DYkYzs4ddNyS6LihnFDHMUmbKp4"},"senderMessageKeys":[]},{"senderKeyId":693789496,"senderChainKey":{"iteration":1,"seed":"ytbs8AP3yZp/hxfOxUj/KP9wv/pKkHvfX+5Z7U62y7A="},"senderSigningKey":{"public":"BZ+ULPuij7jNKLqHC+R7MKLXl5EzTpBwJQ8ahcbFQwZ5"},"senderMessageKeys":[]},{"senderKeyId":693789496,"senderChainKey":{"iteration":2,"seed":"Nv4GCREsdvMJHVHbM3mbAzVcyUzrAJQjoVgM8H0XSIQ="},"senderSigningKey":{"public":"BZ+ULPuij7jNKLqHC+R7MKLXl5EzTpBwJQ8ahcbFQwZ5"},"senderMessageKeys":[]},{"senderKeyId":2056584661,"senderChainKey":{"iteration":4,"seed":"OzSdc2S1na7IMgLD2d1PbELfkrzRFBZwt7xwllgB1X8="},"senderSigningKey":{"public":"BZYk97gq0lt6uUUvfePcZgCk4FEV5pq4z2qnKDL5BDc9"},"senderMessageKeys":[]},{"senderKeyId":2056584661,"senderChainKey":{"iteration":1,"seed":"UGmPGD2ZuEJSKCgZ0bH+7wDn/AMVv4L9egZUffO/1Ug="},"senderSigningKey":{"public":"BZYk97gq0lt6uUUvfePcZgCk4FEV5pq4z2qnKDL5BDc9"},"senderMessageKeys":[]},{"senderKeyId":2056584661,"senderChainKey":{"iteration":2,"seed":"zZY6FLBlgtlpLfWsi6q9mKrKwmeK8jM3e6FvWWfFk9Q="},"senderSigningKey":{"public":"BZYk97gq0lt6uUUvfePcZgCk4FEV5pq4z2qnKDL5BDc9"},"senderMessageKeys":[]}]