[{"senderKeyId":1505493220,"senderChainKey":{"iteration":9,"seed":"VYJYR6bjT5S1UP3gjmaRgCt1bfVQRdamHHe8zs2QQH8="},"senderSigningKey":{"public":"BUE5kKU2c2CwhaMnntjjPIm5FCUAsmOty+GOCwcks54i"},"senderMessageKeys":[{},{},{},{},{},{},{}]},{"senderKeyId":1505493220,"senderChainKey":{"iteration":3,"seed":"zBTMAL5RR2/oANBVwzS1gORYqpOOdsIIkw+WRKU4TOE="},"senderSigningKey":{"public":"BUE5kKU2c2CwhaMnntjjPIm5FCUAsmOty+GOCwcks54i"},"senderMessageKeys":[]},{"senderKeyId":1505493220,"senderChainKey":{"iteration":3,"seed":"zBTMAL5RR2/oANBVwzS1gORYqpOOdsIIkw+WRKU4TOE="},"senderSigningKey":{"public":"BUE5kKU2c2CwhaMnntjjPIm5FCUAsmOty+GOCwcks54i"},"senderMessageKeys":[]},{"senderKeyId":1505493220,"senderChainKey":{"iteration":3,"seed":"zBTMAL5RR2/oANBVwzS1gORYqpOOdsIIkw+WRKU4TOE="},"senderSigningKey":{"public":"BUE5kKU2c2CwhaMnntjjPIm5FCUAsmOty+GOCwcks54i"},"senderMessageKeys":[]},{"senderKeyId":1505493220,"senderChainKey":{"iteration":9,"seed":"VYJYR6bjT5S1UP3gjmaRgCt1bfVQRdamHHe8zs2QQH8="},"senderSigningKey":{"public":"BUE5kKU2c2CwhaMnntjjPIm5FCUAsmOty+GOCwcks54i"}}]