[{"senderKeyId":155317616,"senderChainKey":{"iteration":1,"seed":"PFmx4ZjZ5d4grqwWgF7diqjqoXK5VCR0mXiloefgQoY="},"senderSigningKey":{"public":"BSqZcHXCihA8plLoQM/MbqMxQxUKJfy9a1Uwj/5DGKA4"},"senderMessageKeys":[]},{"senderKeyId":155317616,"senderChainKey":{"iteration":12,"seed":"N7eEh/0SKKD6LhfNdVDYaxP5MiVb2s6QFJNTNA7dqXg="},"senderSigningKey":{"public":"BSqZcHXCihA8plLoQM/MbqMxQxUKJfy9a1Uwj/5DGKA4"},"senderMessageKeys":[]},{"senderKeyId":155317616,"senderChainKey":{"iteration":12,"seed":"N7eEh/0SKKD6LhfNdVDYaxP5MiVb2s6QFJNTNA7dqXg="},"senderSigningKey":{"public":"BSqZcHXCihA8plLoQM/MbqMxQxUKJfy9a1Uwj/5DGKA4"},"senderMessageKeys":[]},{"senderKeyId":155317616,"senderChainKey":{"iteration":12,"seed":"N7eEh/0SKKD6LhfNdVDYaxP5MiVb2s6QFJNTNA7dqXg="},"senderSigningKey":{"public":"BSqZcHXCihA8plLoQM/MbqMxQxUKJfy9a1Uwj/5DGKA4"},"senderMessageKeys":[]},{"senderKeyId":155317616,"senderChainKey":{"iteration":12,"seed":"N7eEh/0SKKD6LhfNdVDYaxP5MiVb2s6QFJNTNA7dqXg="},"senderSigningKey":{"public":"BSqZcHXCihA8plLoQM/MbqMxQxUKJfy9a1Uwj/5DGKA4"},"senderMessageKeys":[]},{"senderKeyId":155317616,"senderChainKey":{"iteration":12,"seed":"N7eEh/0SKKD6LhfNdVDYaxP5MiVb2s6QFJNTNA7dqXg="},"senderSigningKey":{"public":"BSqZcHXCihA8plLoQM/MbqMxQxUKJfy9a1Uwj/5DGKA4"},"senderMessageKeys":[]},{"senderKeyId":155317616,"senderChainKey":{"iteration":12,"seed":"N7eEh/0SKKD6LhfNdVDYaxP5MiVb2s6QFJNTNA7dqXg="},"senderSigningKey":{"public":"BSqZcHXCihA8plLoQM/MbqMxQxUKJfy9a1Uwj/5DGKA4"},"senderMessageKeys":[]},{"senderKeyId":155317616,"senderChainKey":{"iteration":12,"seed":"N7eEh/0SKKD6LhfNdVDYaxP5MiVb2s6QFJNTNA7dqXg="},"senderSigningKey":{"public":"BSqZcHXCihA8plLoQM/MbqMxQxUKJfy9a1Uwj/5DGKA4"},"senderMessageKeys":[]},{"senderKeyId":155317616,"senderChainKey":{"iteration":12,"seed":"N7eEh/0SKKD6LhfNdVDYaxP5MiVb2s6QFJNTNA7dqXg="},"senderSigningKey":{"public":"BSqZcHXCihA8plLoQM/MbqMxQxUKJfy9a1Uwj/5DGKA4"},"senderMessageKeys":[]},{"senderKeyId":155317616,"senderChainKey":{"iteration":12,"seed":"N7eEh/0SKKD6LhfNdVDYaxP5MiVb2s6QFJNTNA7dqXg="},"senderSigningKey":{"public":"BSqZcHXCihA8plLoQM/MbqMxQxUKJfy9a1Uwj/5DGKA4"},"senderMessageKeys":[]},{"senderKeyId":155317616,"senderChainKey":{"iteration":12,"seed":"N7eEh/0SKKD6LhfNdVDYaxP5MiVb2s6QFJNTNA7dqXg="},"senderSigningKey":{"public":"BSqZcHXCihA8plLoQM/MbqMxQxUKJfy9a1Uwj/5DGKA4"},"senderMessageKeys":[]},{"senderKeyId":155317616,"senderChainKey":{"iteration":12,"seed":"N7eEh/0SKKD6LhfNdVDYaxP5MiVb2s6QFJNTNA7dqXg="},"senderSigningKey":{"public":"BSqZcHXCihA8plLoQM/MbqMxQxUKJfy9a1Uwj/5DGKA4"},"senderMessageKeys":[]},{"senderKeyId":595543741,"senderChainKey":{"iteration":1,"seed":"pibQHTK+1HLcyGhRzFD72jiM2MW9TPAB9r6Eiq3AOCA="},"senderSigningKey":{"public":"BUOSIRKG0zJNngj+cCIZo86fw9DtWSd9zCG+doZVrVw/"},"senderMessageKeys":[]},{"senderKeyId":595543741,"senderChainKey":{"iteration":10,"seed":"77meJbcx4VhnFaoa3C0BWF5Tv4rkXRJABaX/knfkt1Y="},"senderSigningKey":{"public":"BUOSIRKG0zJNngj+cCIZo86fw9DtWSd9zCG+doZVrVw/"},"senderMessageKeys":[]},{"senderKeyId":595543741,"senderChainKey":{"iteration":10,"seed":"77meJbcx4VhnFaoa3C0BWF5Tv4rkXRJABaX/knfkt1Y="},"senderSigningKey":{"public":"BUOSIRKG0zJNngj+cCIZo86fw9DtWSd9zCG+doZVrVw/"},"senderMessageKeys":[]},{"senderKeyId":595543741,"senderChainKey":{"iteration":10,"seed":"77meJbcx4VhnFaoa3C0BWF5Tv4rkXRJABaX/knfkt1Y="},"senderSigningKey":{"public":"BUOSIRKG0zJNngj+cCIZo86fw9DtWSd9zCG+doZVrVw/"},"senderMessageKeys":[]},{"senderKeyId":595543741,"senderChainKey":{"iteration":10,"seed":"77meJbcx4VhnFaoa3C0BWF5Tv4rkXRJABaX/knfkt1Y="},"senderSigningKey":{"public":"BUOSIRKG0zJNngj+cCIZo86fw9DtWSd9zCG+doZVrVw/"},"senderMessageKeys":[]},{"senderKeyId":595543741,"senderChainKey":{"iteration":10,"seed":"77meJbcx4VhnFaoa3C0BWF5Tv4rkXRJABaX/knfkt1Y="},"senderSigningKey":{"public":"BUOSIRKG0zJNngj+cCIZo86fw9DtWSd9zCG+doZVrVw/"},"senderMessageKeys":[]},{"senderKeyId":595543741,"senderChainKey":{"iteration":10,"seed":"77meJbcx4VhnFaoa3C0BWF5Tv4rkXRJABaX/knfkt1Y="},"senderSigningKey":{"public":"BUOSIRKG0zJNngj+cCIZo86fw9DtWSd9zCG+doZVrVw/"},"senderMessageKeys":[]},{"senderKeyId":595543741,"senderChainKey":{"iteration":10,"seed":"77meJbcx4VhnFaoa3C0BWF5Tv4rkXRJABaX/knfkt1Y="},"senderSigningKey":{"public":"BUOSIRKG0zJNngj+cCIZo86fw9DtWSd9zCG+doZVrVw/"},"senderMessageKeys":[]},{"senderKeyId":595543741,"senderChainKey":{"iteration":10,"seed":"77meJbcx4VhnFaoa3C0BWF5Tv4rkXRJABaX/knfkt1Y="},"senderSigningKey":{"public":"BUOSIRKG0zJNngj+cCIZo86fw9DtWSd9zCG+doZVrVw/"},"senderMessageKeys":[]},{"senderKeyId":595543741,"senderChainKey":{"iteration":10,"seed":"77meJbcx4VhnFaoa3C0BWF5Tv4rkXRJABaX/knfkt1Y="},"senderSigningKey":{"public":"BUOSIRKG0zJNngj+cCIZo86fw9DtWSd9zCG+doZVrVw/"},"senderMessageKeys":[]},{"senderKeyId":595543741,"senderChainKey":{"iteration":10,"seed":"77meJbcx4VhnFaoa3C0BWF5Tv4rkXRJABaX/knfkt1Y="},"senderSigningKey":{"public":"BUOSIRKG0zJNngj+cCIZo86fw9DtWSd9zCG+doZVrVw/"},"senderMessageKeys":[]},{"senderKeyId":595543741,"senderChainKey":{"iteration":10,"seed":"77meJbcx4VhnFaoa3C0BWF5Tv4rkXRJABaX/knfkt1Y="},"senderSigningKey":{"public":"BUOSIRKG0zJNngj+cCIZo86fw9DtWSd9zCG+doZVrVw/"},"senderMessageKeys":[]},{"senderKeyId":595543741,"senderChainKey":{"iteration":10,"seed":"77meJbcx4VhnFaoa3C0BWF5Tv4rkXRJABaX/knfkt1Y="},"senderSigningKey":{"public":"BUOSIRKG0zJNngj+cCIZo86fw9DtWSd9zCG+doZVrVw/"},"senderMessageKeys":[]},{"senderKeyId":595543741,"senderChainKey":{"iteration":10,"seed":"77meJbcx4VhnFaoa3C0BWF5Tv4rkXRJABaX/knfkt1Y="},"senderSigningKey":{"public":"BUOSIRKG0zJNngj+cCIZo86fw9DtWSd9zCG+doZVrVw/"},"senderMessageKeys":[]},{"senderKeyId":595543741,"senderChainKey":{"iteration":10,"seed":"77meJbcx4VhnFaoa3C0BWF5Tv4rkXRJABaX/knfkt1Y="},"senderSigningKey":{"public":"BUOSIRKG0zJNngj+cCIZo86fw9DtWSd9zCG+doZVrVw/"},"senderMessageKeys":[]},{"senderKeyId":595543741,"senderChainKey":{"iteration":10,"seed":"77meJbcx4VhnFaoa3C0BWF5Tv4rkXRJABaX/knfkt1Y="},"senderSigningKey":{"public":"BUOSIRKG0zJNngj+cCIZo86fw9DtWSd9zCG+doZVrVw/"},"senderMessageKeys":[]},{"senderKeyId":595543741,"senderChainKey":{"iteration":10,"seed":"77meJbcx4VhnFaoa3C0BWF5Tv4rkXRJABaX/knfkt1Y="},"senderSigningKey":{"public":"BUOSIRKG0zJNngj+cCIZo86fw9DtWSd9zCG+doZVrVw/"},"senderMessageKeys":[]},{"senderKeyId":595543741,"senderChainKey":{"iteration":10,"seed":"77meJbcx4VhnFaoa3C0BWF5Tv4rkXRJABaX/knfkt1Y="},"senderSigningKey":{"public":"BUOSIRKG0zJNngj+cCIZo86fw9DtWSd9zCG+doZVrVw/"},"senderMessageKeys":[]},{"senderKeyId":595543741,"senderChainKey":{"iteration":10,"seed":"77meJbcx4VhnFaoa3C0BWF5Tv4rkXRJABaX/knfkt1Y="},"senderSigningKey":{"public":"BUOSIRKG0zJNngj+cCIZo86fw9DtWSd9zCG+doZVrVw/"},"senderMessageKeys":[]},{"senderKeyId":595543741,"senderChainKey":{"iteration":10,"seed":"77meJbcx4VhnFaoa3C0BWF5Tv4rkXRJABaX/knfkt1Y="},"senderSigningKey":{"public":"BUOSIRKG0zJNngj+cCIZo86fw9DtWSd9zCG+doZVrVw/"}}]