[{"senderKeyId":1057046215,"senderChainKey":{"iteration":44,"seed":"2AKc7D007kqWydCoCTGcM9QMiTJ73y01vy7oDi1Q/ig="},"senderSigningKey":{"public":"BT5Le/H3JAjL+JX7J5kMRMGeiayeniouHUWpluxo6fRx"},"senderMessageKeys":[{},{},{},{},{},{},{},{},{},{},{},{},{},{},{},{},{},{},{},{},{},{},{},{},{},{},{},{},{},{},{},{}]},{"senderKeyId":1057046215,"senderChainKey":{"iteration":11,"seed":"IJ5zjNY90nowuIz/tJMDdc4ljdZvfRjsgxKoloiCGjU="},"senderSigningKey":{"public":"BT5Le/H3JAjL+JX7J5kMRMGeiayeniouHUWpluxo6fRx"},"senderMessageKeys":[]},{"senderKeyId":1057046215,"senderChainKey":{"iteration":34,"seed":"7YbKSOFmGnFYEUFGSnqU32FsCaH4ZvX23FXTGgiCUPA="},"senderSigningKey":{"public":"BT5Le/H3JAjL+JX7J5kMRMGeiayeniouHUWpluxo6fRx"},"senderMessageKeys":[]},{"senderKeyId":1057046215,"senderChainKey":{"iteration":37,"seed":"Lw1/n3AkYex7lTMYCPxdExI+N/DUOGQwYoEJc4xrqb4="},"senderSigningKey":{"public":"BT5Le/H3JAjL+JX7J5kMRMGeiayeniouHUWpluxo6fRx"},"senderMessageKeys":[]},{"senderKeyId":1057046215,"senderChainKey":{"iteration":44,"seed":"2AKc7D007kqWydCoCTGcM9QMiTJ73y01vy7oDi1Q/ig="},"senderSigningKey":{"public":"BT5Le/H3JAjL+JX7J5kMRMGeiayeniouHUWpluxo6fRx"},"senderMessageKeys":[]},{"senderKeyId":2022953221,"senderChainKey":{"iteration":1,"seed":"kiOqvxxImA6zi+o3VloDuv3D6E2/0Pe3k9Fyv+dwM28="},"senderSigningKey":{"public":"BcTvNIrkMlc7yuoBEAQUz54ffCDoU76zVLZtY/WOlFh6"},"senderMessageKeys":[]},{"senderKeyId":2022953221,"senderChainKey":{"iteration":8,"seed":"QYNak5ZeoX0RfiMgtQ42vLyNsHzFGuqvfIGRlxQ1CMI="},"senderSigningKey":{"public":"BcTvNIrkMlc7yuoBEAQUz54ffCDoU76zVLZtY/WOlFh6"},"senderMessageKeys":[]},{"senderKeyId":2022953221,"senderChainKey":{"iteration":8,"seed":"QYNak5ZeoX0RfiMgtQ42vLyNsHzFGuqvfIGRlxQ1CMI="},"senderSigningKey":{"public":"BcTvNIrkMlc7yuoBEAQUz54ffCDoU76zVLZtY/WOlFh6"},"senderMessageKeys":[]},{"senderKeyId":2022953221,"senderChainKey":{"iteration":8,"seed":"QYNak5ZeoX0RfiMgtQ42vLyNsHzFGuqvfIGRlxQ1CMI="},"senderSigningKey":{"public":"BcTvNIrkMlc7yuoBEAQUz54ffCDoU76zVLZtY/WOlFh6"},"senderMessageKeys":[]},{"senderKeyId":2022953221,"senderChainKey":{"iteration":8,"seed":"QYNak5ZeoX0RfiMgtQ42vLyNsHzFGuqvfIGRlxQ1CMI="},"senderSigningKey":{"public":"BcTvNIrkMlc7yuoBEAQUz54ffCDoU76zVLZtY/WOlFh6"},"senderMessageKeys":[]},{"senderKeyId":2022953221,"senderChainKey":{"iteration":8,"seed":"QYNak5ZeoX0RfiMgtQ42vLyNsHzFGuqvfIGRlxQ1CMI="},"senderSigningKey":{"public":"BcTvNIrkMlc7yuoBEAQUz54ffCDoU76zVLZtY/WOlFh6"},"senderMessageKeys":[]},{"senderKeyId":2022953221,"senderChainKey":{"iteration":8,"seed":"QYNak5ZeoX0RfiMgtQ42vLyNsHzFGuqvfIGRlxQ1CMI="},"senderSigningKey":{"public":"BcTvNIrkMlc7yuoBEAQUz54ffCDoU76zVLZtY/WOlFh6"},"senderMessageKeys":[]},{"senderKeyId":2022953221,"senderChainKey":{"iteration":8,"seed":"QYNak5ZeoX0RfiMgtQ42vLyNsHzFGuqvfIGRlxQ1CMI="},"senderSigningKey":{"public":"BcTvNIrkMlc7yuoBEAQUz54ffCDoU76zVLZtY/WOlFh6"},"senderMessageKeys":[]},{"senderKeyId":2022953221,"senderChainKey":{"iteration":8,"seed":"QYNak5ZeoX0RfiMgtQ42vLyNsHzFGuqvfIGRlxQ1CMI="},"senderSigningKey":{"public":"BcTvNIrkMlc7yuoBEAQUz54ffCDoU76zVLZtY/WOlFh6"},"senderMessageKeys":[]},{"senderKeyId":2022953221,"senderChainKey":{"iteration":8,"seed":"QYNak5ZeoX0RfiMgtQ42vLyNsHzFGuqvfIGRlxQ1CMI="},"senderSigningKey":{"public":"BcTvNIrkMlc7yuoBEAQUz54ffCDoU76zVLZtY/WOlFh6"},"senderMessageKeys":[]},{"senderKeyId":2022953221,"senderChainKey":{"iteration":8,"seed":"QYNak5ZeoX0RfiMgtQ42vLyNsHzFGuqvfIGRlxQ1CMI="},"senderSigningKey":{"public":"BcTvNIrkMlc7yuoBEAQUz54ffCDoU76zVLZtY/WOlFh6"},"senderMessageKeys":[]},{"senderKeyId":2022953221,"senderChainKey":{"iteration":8,"seed":"QYNak5ZeoX0RfiMgtQ42vLyNsHzFGuqvfIGRlxQ1CMI="},"senderSigningKey":{"public":"BcTvNIrkMlc7yuoBEAQUz54ffCDoU76zVLZtY/WOlFh6"},"senderMessageKeys":[]},{"senderKeyId":2022953221,"senderChainKey":{"iteration":8,"seed":"QYNak5ZeoX0RfiMgtQ42vLyNsHzFGuqvfIGRlxQ1CMI="},"senderSigningKey":{"public":"BcTvNIrkMlc7yuoBEAQUz54ffCDoU76zVLZtY/WOlFh6"},"senderMessageKeys":[]},{"senderKeyId":2022953221,"senderChainKey":{"iteration":8,"seed":"QYNak5ZeoX0RfiMgtQ42vLyNsHzFGuqvfIGRlxQ1CMI="},"senderSigningKey":{"public":"BcTvNIrkMlc7yuoBEAQUz54ffCDoU76zVLZtY/WOlFh6"}}]