{"_sessions":{"BbjE9KW+AqZNjnER2U8sMeyqJsCTngbt0K2WlQDkvSg0":{"registrationId":541418652,"currentRatchet":{"ephemeralKeyPair":{"pubKey":"BWFUwLx4XUEVOwQl96wcF2zPOSpriCuQD0dR/tPVijIq","privKey":"6Cj1vn7kJKSeVbJU3RjWCVT+rkX7anjihZRmhxWUYVQ="},"lastRemoteEphemeralKey":"BQGuP5FvSlt9puFWVAFk6xAqIiOrgpnz3X74kgJcLN52","previousCounter":0,"rootKey":"JzNy0Kzl7oTp+Ah8y0JgtKOT+fYlP6C7QiJfBTj6FMs="},"indexInfo":{"baseKey":"BbjE9KW+AqZNjnER2U8sMeyqJsCTngbt0K2WlQDkvSg0","baseKeyType":1,"closed":-1,"used":1676725513433,"created":1676725513433,"remoteIdentityKey":"BXJgFRw9oUwFMKBIe4OpVSntaJOifVYQ03nZkZM73Qww"},"_chains":{"BWFUwLx4XUEVOwQl96wcF2zPOSpriCuQD0dR/tPVijIq":{"chainKey":{"counter":0,"key":"qNIsWss2OMBAiYeNT6RGC3Gumfn3qkynOXp/LQdVMyk="},"chainType":1,"messageKeys":{}}},"pendingPreKey":{"signedKeyId":8,"baseKey":"BbjE9KW+AqZNjnER2U8sMeyqJsCTngbt0K2WlQDkvSg0","preKeyId":3164425}}},"version":"v1"}