{"_sessions":{"BXQmb5U7v6XZ5qfzfXrdt+vXdiluFDsgN+tQUat9J25T":{"registrationId":632606803,"currentRatchet":{"ephemeralKeyPair":{"pubKey":"BcNNf/E0oBqQuvpvtjhCSCm5JuDhqRzJEmklHbKKoO9N","privKey":"qLQaf60k4rPg0RJj4eEHaLjSTjqgNbsemmSfamMze0Q="},"lastRemoteEphemeralKey":"BXDL3OJfu4hC3WHftYHMG9YeUL3TYyPnNWhlFBK059t7","previousCounter":0,"rootKey":"mcVDxcFZwwJVIyyAOyQ/Bm49kzSd9PjdqSKXeGLX6gY="},"indexInfo":{"baseKey":"BXQmb5U7v6XZ5qfzfXrdt+vXdiluFDsgN+tQUat9J25T","baseKeyType":2,"closed":-1,"used":1676296816441,"created":1676296816441,"remoteIdentityKey":"BVxH47pxkcuY+2b2BmTj/iklIvPhpj1mf6Zd0qAyVC8H"},"_chains":{"BXDL3OJfu4hC3WHftYHMG9YeUL3TYyPnNWhlFBK059t7":{"chainKey":{"counter":0,"key":"LHZ+5/j7CLjQuIGAzHKTJQsfe5P3JGBGT9z4+5cYRng="},"chainType":2,"messageKeys":{}},"BcNNf/E0oBqQuvpvtjhCSCm5JuDhqRzJEmklHbKKoO9N":{"chainKey":{"counter":-1,"key":"juZYhs21TZR7OIzRfXc2wNjO7QSfw/v20b6ip0yJ6OY="},"chainType":1,"messageKeys":{}}}}},"version":"v1"}