{"_sessions":{"BVL0DfRhkAuiIyAbJsMway/Yt2BBnlz/XvAgH9CKlS4O":{"registrationId":2062442910,"currentRatchet":{"ephemeralKeyPair":{"pubKey":"BW2VwLt0pM8/IqLeHRvR8Fz3lWnF7OVTFofGbLc7yXxz","privKey":"YN2gKP9+1UQDBoaNNoyOZKMPsuyaM8TFZupjXzl7oE0="},"lastRemoteEphemeralKey":"BSemUBsjWn0/8OH1/ZDC349oWTqNBIHFOGBvrucRAkcb","previousCounter":0,"rootKey":"rt7NtfD1pCkxXgW6raYZfRYNhBdhBleUOBspcWVS6Gs="},"indexInfo":{"baseKey":"BVL0DfRhkAuiIyAbJsMway/Yt2BBnlz/XvAgH9CKlS4O","baseKeyType":1,"closed":-1,"used":1676864668087,"created":1676725513419,"remoteIdentityKey":"BfEefE+4DKznzdys/mkGoTyS/r1CJSWExSfp8NDm8e1Y"},"_chains":{"BSemUBsjWn0/8OH1/ZDC349oWTqNBIHFOGBvrucRAkcb":{"chainKey":{"counter":0,"key":"NeKZWQBewEX4EDMXNRa8LubEZR9BHXxHbp37HBktkDw="},"chainType":2,"messageKeys":{}},"BW2VwLt0pM8/IqLeHRvR8Fz3lWnF7OVTFofGbLc7yXxz":{"chainKey":{"counter":-1,"key":"v30H2hK3fvkcRrUSehHyW7A8p6y6jWDyt01pfdEXSf8="},"chainType":1,"messageKeys":{}}}}},"version":"v1"}