{"_sessions":{"BeyNA/suidT/1Mvlq9c0G2W35ZsNk0pWE4HQKWXKCJgm":{"registrationId":762863653,"currentRatchet":{"ephemeralKeyPair":{"pubKey":"BaTr6yBTPcs8U3gxGBI/NQFgRivyVJEtWssflo2vePw7","privKey":"cLPz+dICKLsHsi/kBhXicCSKDE3mVxCeVtCOE00JF34="},"lastRemoteEphemeralKey":"BfD32DgMr1tNgtbC851DczkJbjJ9YTmLmKOqQLbFQ5p/","previousCounter":0,"rootKey":"Bz7XQjsVk4XWANM404CWAEUzTDAIWVdiIMDw6itWz48="},"indexInfo":{"baseKey":"BeyNA/suidT/1Mvlq9c0G2W35ZsNk0pWE4HQKWXKCJgm","baseKeyType":1,"closed":-1,"used":1676253377184,"created":1676252662602,"remoteIdentityKey":"BRL5UNl3+XgR/MLp4O8yVgAeWRIR10jcD5ySctZ07jd5"},"_chains":{"BfD32DgMr1tNgtbC851DczkJbjJ9YTmLmKOqQLbFQ5p/":{"chainKey":{"counter":0,"key":"qt4eHofNxpa21tYVwqJbYlDl3vtR6Q80Ve5wqhD4BQQ="},"chainType":2,"messageKeys":{}},"BaTr6yBTPcs8U3gxGBI/NQFgRivyVJEtWssflo2vePw7":{"chainKey":{"counter":0,"key":"tqHgNiI+tXcuC3Ms5UhgOnFLQxXgErQLhaAFRQ1VV68="},"chainType":1,"messageKeys":{}}}}},"version":"v1"}