{"_sessions":{"Bdy9hjKHlXVVnDqPuNjmQmnYxKT1wPcDfSsC8UYZyFJa":{"registrationId":125745055,"currentRatchet":{"ephemeralKeyPair":{"pubKey":"BX4WTbMRVUz7yaxjV1fB6rCd4J/K4ItJxvT+qkGzeNMM","privKey":"8FEmMMLWtQrd+AX0ylUqbPyWnivT4ET7ldNFHdIgJk0="},"lastRemoteEphemeralKey":"Bc5VYDf4cMuBEKDGS7/aG6fFrzPp0F6OU9MwyIl7hqBe","previousCounter":0,"rootKey":"zLbbsHCMugby4tKrvcfwJ8/AEmXdmsHX+KhZi/vB0LY="},"indexInfo":{"baseKey":"Bdy9hjKHlXVVnDqPuNjmQmnYxKT1wPcDfSsC8UYZyFJa","baseKeyType":1,"closed":-1,"used":1676725513420,"created":1676725513420,"remoteIdentityKey":"BYI4tLbDluhE2jgodiJCQqSlUHqQJACvlpW52hY4fJgS"},"_chains":{"BX4WTbMRVUz7yaxjV1fB6rCd4J/K4ItJxvT+qkGzeNMM":{"chainKey":{"counter":0,"key":"ITLP4akqDS7rf1k0sXge3M9Sq08FYvfL/EANq9wUF6c="},"chainType":1,"messageKeys":{}}},"pendingPreKey":{"signedKeyId":1,"baseKey":"Bdy9hjKHlXVVnDqPuNjmQmnYxKT1wPcDfSsC8UYZyFJa","preKeyId":14141842}}},"version":"v1"}