{"_sessions":{"BZxBBmC6f8gjCmGGqP5l3jMp/wzTie0PhQ5Qh15hMlBV":{"registrationId":69476071,"currentRatchet":{"ephemeralKeyPair":{"pubKey":"BdGtr2YsCQEjMQCgOBpzwzM/HQbUV1bdZI/yNZZNQj98","privKey":"kHLeialT/V7F9XjPPNYV5nRE8wDGF9pQBzA5+W3SxnM="},"lastRemoteEphemeralKey":"BTRdzIcuu5U/0Uuj7BAPlv77XWRyjisSurwq7COtecN5","previousCounter":0,"rootKey":"8siKU9lY6wBWoZ9j/A82jnQcSCxD2c9J6zGvzJBoxV8="},"indexInfo":{"baseKey":"BZxBBmC6f8gjCmGGqP5l3jMp/wzTie0PhQ5Qh15hMlBV","baseKeyType":2,"closed":1676962058982,"used":1676296816447,"created":1676296816447,"remoteIdentityKey":"BWmnnvHyIPloIMCzr/ot4S+FnvKFtHB8PcwjDlljp4ZC"},"_chains":{"BTRdzIcuu5U/0Uuj7BAPlv77XWRyjisSurwq7COtecN5":{"chainKey":{"counter":11,"key":"KZwPw2JBymYCIdfh9s01pufVkOwcBYw+PWoUMaKJzZY="},"chainType":2,"messageKeys":{}},"BdGtr2YsCQEjMQCgOBpzwzM/HQbUV1bdZI/yNZZNQj98":{"chainKey":{"counter":-1,"key":"Ih6NJ5SlUYTfPCcL6PBHYKaBey4BNU/gBfHpQd0AuG8="},"chainType":1,"messageKeys":{}}}},"BVT2TyI/BmxFiSAH41aHyFADMMbCytWxQzHLX1++8rVW":{"registrationId":1709996310,"currentRatchet":{"ephemeralKeyPair":{"pubKey":"BQlpGcoZBD2CnETk17TeVX/npYEA0TT64rZgbAEBlgps","privKey":"eNGnKt9jGXqRa/jZ0iC4N1YoqqmuER39MInQRcwq23g="},"lastRemoteEphemeralKey":"BUzWxT4eCk00OgDdBgprM18aKZAcEDPXkqgJcM6St1Uc","previousCounter":0,"rootKey":"VjLyqCGBDjuc9G5OsYDAG/YqP6TpqYrezjIamteP5T0="},"indexInfo":{"baseKey":"BVT2TyI/BmxFiSAH41aHyFADMMbCytWxQzHLX1++8rVW","baseKeyType":2,"closed":-1,"used":1676962058984,"created":1676962058984,"remoteIdentityKey":"BYTh9qAxdz+ByzPOLPsiJEBThfyBzlFdKVE5LBnJ6tVD"},"_chains":{"BUzWxT4eCk00OgDdBgprM18aKZAcEDPXkqgJcM6St1Uc":{"chainKey":{"counter":21,"key":"TDyX6Mq8KAWUdC2cLFlzDeyP45wFtXKj/hMDVRuSOOs="},"chainType":2,"messageKeys":{}},"BQlpGcoZBD2CnETk17TeVX/npYEA0TT64rZgbAEBlgps":{"chainKey":{"counter":-1,"key":"ZULUqGVlYLHpEIXkuYd1cFPCq1OS54IHM1ImM3GukQo="},"chainType":1,"messageKeys":{}}}}},"version":"v1"}