{"_sessions":{"BUIoDS8+qaUD2wVSfH9wF1A0Mz8VkQGcQE3dQmc0IHMf":{"registrationId":1919380093,"currentRatchet":{"ephemeralKeyPair":{"pubKey":"BenJoyqjS+bJVWPamP/Y38V2lTHAhXIzzyCE3vhiSOwy","privKey":"qPblh/kfwAcDh4n4iELxu5fQA9CeI3Hbxm7b5Hm3jls="},"lastRemoteEphemeralKey":"BTI6concOlsnvRNvXUtW0LOCfgIlZjyUiJfD1AvzfyMO","previousCounter":0,"rootKey":"Skz+avgNTJ7YtqfR3gvkMVoJs9x2qPosrNK5DH/A+MA="},"indexInfo":{"baseKey":"BUIoDS8+qaUD2wVSfH9wF1A0Mz8VkQGcQE3dQmc0IHMf","baseKeyType":2,"closed":-1,"used":1676722882403,"created":1676722882403,"remoteIdentityKey":"BYESSRlfP9xjWfb/8ysRLrqrJkH1kMDjSwj8woVD/VNS"},"_chains":{"BTI6concOlsnvRNvXUtW0LOCfgIlZjyUiJfD1AvzfyMO":{"chainKey":{"counter":1,"key":"00v6jz6yvaskOrWNoKvSxbrO9Aa767HOiF5npLY0DeQ="},"chainType":2,"messageKeys":{}},"BenJoyqjS+bJVWPamP/Y38V2lTHAhXIzzyCE3vhiSOwy":{"chainKey":{"counter":0,"key":"g2eabq1Y0pAzyVbIrhjpCOG8e3ft4ZL85U8HtP+HNWI="},"chainType":1,"messageKeys":{}}}}},"version":"v1"}