{"_sessions":{"BVGYkJHqc4QK4zv9Hiz0/2VUQ4DpsvmIzfTnj0yP1W0k":{"registrationId":1054204146,"currentRatchet":{"ephemeralKeyPair":{"pubKey":"BSz+X+J9dQywm04VJ8TgqZSe/WDIaq948Kh5IaQx25YN","privKey":"aOdgKvi61A/ij/Kqvp/ulByblt+Sy54UwiUj7KXaNGE="},"lastRemoteEphemeralKey":"BTOqrGzwtuaaW9R4rE+tQ9huW20jYCFKEoIJ3zlJjr9M","previousCounter":0,"rootKey":"0JlvfUelUhigw7GGrZxh69Xnxflp9ccyNEF8xbyFBYU="},"indexInfo":{"baseKey":"BVGYkJHqc4QK4zv9Hiz0/2VUQ4DpsvmIzfTnj0yP1W0k","baseKeyType":1,"closed":-1,"used":1676884822072,"created":1676725513455,"remoteIdentityKey":"BbUQB7g31sOMln4YZdB+9EansJqVSS2fVHnJvji0UPtx"},"_chains":{"BTOqrGzwtuaaW9R4rE+tQ9huW20jYCFKEoIJ3zlJjr9M":{"chainKey":{"counter":1,"key":"xVFDaGekI19Akga7JvxnMl0s4zQRWBv2uu2eCxWQlG8="},"chainType":2,"messageKeys":{}},"BSz+X+J9dQywm04VJ8TgqZSe/WDIaq948Kh5IaQx25YN":{"chainKey":{"counter":-1,"key":"cekUhvW28mPM+c/NY2w5gocATwxnkJWQlTB6R55p4II="},"chainType":1,"messageKeys":{}}}}},"version":"v1"}