{"_sessions":{"BV9R4YmQRH3Ya8EachyZ+f8t0yCwPPsmGv0OH8flEWYF":{"registrationId":11,"currentRatchet":{"ephemeralKeyPair":{"pubKey":"BQLij2PisQ3NduKObFqzgB1KCjcGb0fBOBWofetfYP9C","privKey":"ACa7EwBpVnrz5j7AfyNKtJc8LA8sgXCx8nMZRAOuSmE="},"lastRemoteEphemeralKey":"BUKeM6LqVnG302YKymBdjVNtXM4BaGDnFUKG/f4HPPoZ","previousCounter":0,"rootKey":"wVAoe52zPXyjmqOGWeX2f1Lilz1ESO3PmVY+5l/CN3s="},"indexInfo":{"baseKey":"BV9R4YmQRH3Ya8EachyZ+f8t0yCwPPsmGv0OH8flEWYF","baseKeyType":1,"closed":-1,"used":1676252662597,"created":1676252662597,"remoteIdentityKey":"Ba3y/ex5ocyAoRbCtbVntL7K/orKAqPzbj5A8kO3mCY2"},"_chains":{"BQLij2PisQ3NduKObFqzgB1KCjcGb0fBOBWofetfYP9C":{"chainKey":{"counter":0,"key":"cZiIIFzDsyMC31UJFP1ghn4t0z2hFrnLxJ956FHaXeE="},"chainType":1,"messageKeys":{}}},"pendingPreKey":{"signedKeyId":1,"baseKey":"BV9R4YmQRH3Ya8EachyZ+f8t0yCwPPsmGv0OH8flEWYF"}}},"version":"v1"}