{"_sessions":{"BW60LnlaPCZ0wXq9zxlOE7C0W1HNrMSBTX3V3JWz5MQs":{"registrationId":218529842,"currentRatchet":{"ephemeralKeyPair":{"pubKey":"BTIT5KztiQawdL8I2Mk5pVhdn6a1RBBruXKfltUaBNQW","privKey":"YBEqDiBT0N6bs91R7UOaSFIQ0T3OobjuT0kz3MTerns="},"lastRemoteEphemeralKey":"BVQANwBCpbTomuruF3Ed/JqQuNtQyXdu6zAHAolP5MYK","previousCounter":0,"rootKey":"INdyrB9RG+zybpptZIaatCISceyNWAi90DPFerpMy9Q="},"indexInfo":{"baseKey":"BW60LnlaPCZ0wXq9zxlOE7C0W1HNrMSBTX3V3JWz5MQs","baseKeyType":1,"closed":-1,"used":1676725513451,"created":1676725513451,"remoteIdentityKey":"BbW1nzIPxQsyORfzXilJKwWMREG1rTLnRkw+5m4rO5UE"},"_chains":{"BTIT5KztiQawdL8I2Mk5pVhdn6a1RBBruXKfltUaBNQW":{"chainKey":{"counter":0,"key":"K+1qShoMH4mQHBZUWY0x7zJgG6OoYY5Xk1szPveLAWc="},"chainType":1,"messageKeys":{}}},"pendingPreKey":{"signedKeyId":5,"baseKey":"BW60LnlaPCZ0wXq9zxlOE7C0W1HNrMSBTX3V3JWz5MQs","preKeyId":1693584}}},"version":"v1"}