{"_sessions":{"BS67ghz7rAV1M9jHdTSu/0PFYkAYTdZBS3m8zcr4nlgD":{"registrationId":292501127,"currentRatchet":{"ephemeralKeyPair":{"pubKey":"BVE2Jf7LlDiHN8lz2c6eRMLQRAJyiWMofwqLr0upDY8S","privKey":"ILOGhJyHr7j8Lfexflh1K04zXL9AD/cnNnighIGr5G0="},"lastRemoteEphemeralKey":"BT+CJjxdDkey1iUUJ0WbvLIhaVkwQHzPELq88V+gFIMO","previousCounter":0,"rootKey":"2Y16LtiTK17y964s+czqLfeA9uoHextOXUqu4s9q4dE="},"indexInfo":{"baseKey":"BS67ghz7rAV1M9jHdTSu/0PFYkAYTdZBS3m8zcr4nlgD","baseKeyType":2,"closed":-1,"used":1676296816515,"created":1676296816515,"remoteIdentityKey":"BUYhzQxRq9E96N0Y400Ukkny+DFs7rE2Ih+ZHBiuF15s"},"_chains":{"BT+CJjxdDkey1iUUJ0WbvLIhaVkwQHzPELq88V+gFIMO":{"chainKey":{"counter":0,"key":"KdIxOyISnwHU1SGCB4l6rtexFIpime6XylMQKEufBTI="},"chainType":2,"messageKeys":{}},"BVE2Jf7LlDiHN8lz2c6eRMLQRAJyiWMofwqLr0upDY8S":{"chainKey":{"counter":-1,"key":"hSkrSNvxOA7CPVYiLvy2NtodCjY33EXGLFVTIHOhQUc="},"chainType":1,"messageKeys":{}}}}},"version":"v1"}