{"_sessions":{"BWvcvTkDg0knd9ijUOqsQqOmdnEDi1uN9FR5zNcaRSBp":{"registrationId":11970,"currentRatchet":{"ephemeralKeyPair":{"pubKey":"BRW5DDdeMv6ILirr5LHW5wsyCegFl4iJ9TNVpJm3WVBL","privKey":"OCVmcSpqfAsTcnNpEosKbP7NMLvFNSt1qmbIMmWV6EI="},"lastRemoteEphemeralKey":"BYWu4FQOenI/oFx8+QUc+HHA0gY7JSrmb2DWABxbe6Za","previousCounter":0,"rootKey":"Ujev4hxV/B5hZXE8W9yTf0D+qZTkbOdnQPpWrC4I9Os="},"indexInfo":{"baseKey":"BWvcvTkDg0knd9ijUOqsQqOmdnEDi1uN9FR5zNcaRSBp","baseKeyType":1,"closed":-1,"used":1676725513404,"created":1676725513404,"remoteIdentityKey":"BePFkpdIaxD1hsDqu4O1vw3rfwUjIPdS+1LTOKkGYwkI"},"_chains":{"BRW5DDdeMv6ILirr5LHW5wsyCegFl4iJ9TNVpJm3WVBL":{"chainKey":{"counter":0,"key":"Q+WfxoVp5yrWMHQA+BkbnPtKr6aIZiHmczFIOSWWXrQ="},"chainType":1,"messageKeys":{}}},"pendingPreKey":{"signedKeyId":2,"baseKey":"BWvcvTkDg0knd9ijUOqsQqOmdnEDi1uN9FR5zNcaRSBp","preKeyId":696}}},"version":"v1"}