{"_sessions":{"BVQeVJwgNIq8N1d639W+VooWx0TRFIvB1X3sbcg0CEpn":{"registrationId":404452816,"currentRatchet":{"ephemeralKeyPair":{"pubKey":"BT32O+mMipHSUwLpr+icH1NdqUvqNRc1V53oeXwHeU1K","privKey":"MDYmlJ1sIAxH3Yu8hE7TcJwpF0ges+o1UAgwTmmldGc="},"lastRemoteEphemeralKey":"BUnyaKfukPdReo21w3in9W4X4l9MbOwVlFwI0d94M5tS","previousCounter":0,"rootKey":"EyB9vAVHW6ioj7C4MHDsg4cCQEef7/B+2cOuQ8FcNo4="},"indexInfo":{"baseKey":"BVQeVJwgNIq8N1d639W+VooWx0TRFIvB1X3sbcg0CEpn","baseKeyType":1,"closed":-1,"used":1676870973782,"created":1676725513446,"remoteIdentityKey":"BR9rB9X2wW0Uph+9Gkj9lAQbZxfi7RJA9BmSHuIIVMMf"},"_chains":{"BUnyaKfukPdReo21w3in9W4X4l9MbOwVlFwI0d94M5tS":{"chainKey":{"counter":0,"key":"LX3KU9g/yjYuT/1SxasGBqoUzjl2M3SP2RWQTs+e9gk="},"chainType":2,"messageKeys":{}},"BT32O+mMipHSUwLpr+icH1NdqUvqNRc1V53oeXwHeU1K":{"chainKey":{"counter":-1,"key":"VHFBbzEkWaEnhWNzoZCMK5oWuwqLVixRGwIJfT+4Wqk="},"chainType":1,"messageKeys":{}}}}},"version":"v1"}