{"_sessions":{"Bfzg2UZ6qscBUY8K94YfPtUUZ/TEAc76xmYzuM10RIss":{"registrationId":753975385,"currentRatchet":{"ephemeralKeyPair":{"pubKey":"BfOX5mJHU65SdozYSA4FoR117jClpyEIhEHFztDKnNlU","privKey":"AEL+pme6pyC61KAuKv94j9stprvORA/r56MFTh6Yynk="},"lastRemoteEphemeralKey":"BQ3yxcGoCjMwx+NHoDFTLJxWOK0hpBwFJ1ZOUUxYp65X","previousCounter":0,"rootKey":"WvDGtcFhtjHnA7JZVKkojCHohcrNG3hZYHOYjchiCZ8="},"indexInfo":{"baseKey":"Bfzg2UZ6qscBUY8K94YfPtUUZ/TEAc76xmYzuM10RIss","baseKeyType":2,"closed":-1,"used":1676273104623,"created":1676273104623,"remoteIdentityKey":"BRzju9hyePnsLGkJ8sraqxO7TBDT84Ys5eCqtNr+ZVtA"},"_chains":{"BQ3yxcGoCjMwx+NHoDFTLJxWOK0hpBwFJ1ZOUUxYp65X":{"chainKey":{"counter":0,"key":"YoBqGCWJiAjFHfhQuv3Ta0DD/Xcf2qGhtwkr0DAE9rI="},"chainType":2,"messageKeys":{}},"BfOX5mJHU65SdozYSA4FoR117jClpyEIhEHFztDKnNlU":{"chainKey":{"counter":-1,"key":"mnNgzLne+n+xHh3Kwd3UNjTKMeaeQMolwsdckV+hem4="},"chainType":1,"messageKeys":{}}}}},"version":"v1"}