{"_sessions":{"BcBUeapGMo/kDyy4dha4W49D1DwYS84pP5dIf/WozvMt":{"registrationId":1117242503,"currentRatchet":{"ephemeralKeyPair":{"pubKey":"Bek8j3bkie9MhzOSCWfl9OmEKXO1q4Gx2zvcVEH15lZ6","privKey":"yKqSDnZJEO4SS1ybjrAHPY4GRGGlGUxsGevwGJOxLWM="},"lastRemoteEphemeralKey":"BdxRzKnee9GMi/K3BJ1XwO1uG1zypqnlg4U5uWU2E4V4","previousCounter":0,"rootKey":"3KIWjDqTctuNRMZ8Xzg8K3a/YGucsPg6x4lnKNK4BAk="},"indexInfo":{"baseKey":"BcBUeapGMo/kDyy4dha4W49D1DwYS84pP5dIf/WozvMt","baseKeyType":1,"closed":-1,"used":1676725513414,"created":1676725513414,"remoteIdentityKey":"BYTtuIupaABmHmOgJUze5dQhvzM0ndOU6gTEtA3atIRe"},"_chains":{"Bek8j3bkie9MhzOSCWfl9OmEKXO1q4Gx2zvcVEH15lZ6":{"chainKey":{"counter":0,"key":"XA5FtPf2yhR9RvJrR8XGRu4aL+SAK9paWh99u/0TsmI="},"chainType":1,"messageKeys":{}}},"pendingPreKey":{"signedKeyId":16,"baseKey":"BcBUeapGMo/kDyy4dha4W49D1DwYS84pP5dIf/WozvMt","preKeyId":16205195}}},"version":"v1"}