{"_sessions":{"BeHPMb+yS+djnbCn64mfkbcIfCiftRpAM5+jc46GNVYN":{"registrationId":94402976,"currentRatchet":{"ephemeralKeyPair":{"pubKey":"BSQfl9G8C5ELHktbc3y0gGROEHY7X7UZyX83ioiuTVgZ","privKey":"sNgVNPaqaf4cDn+bhLFh3yjFH6elJ8EJC80L7iiKiUY="},"lastRemoteEphemeralKey":"BezNtlTZHa4CzIg1IiUqEoF471KTB2nubVfHf1JWlXdx","previousCounter":0,"rootKey":"p/smdrm5CiM8nr9ncbGtPt/lWlL73j0JnlfYdTxkwIU="},"indexInfo":{"baseKey":"BeHPMb+yS+djnbCn64mfkbcIfCiftRpAM5+jc46GNVYN","baseKeyType":1,"closed":-1,"used":1676725513460,"created":1676725513460,"remoteIdentityKey":"BVmoV08BvNqosNslfpd2LEl4gZSeENoqFJ++WKUJv+li"},"_chains":{"BSQfl9G8C5ELHktbc3y0gGROEHY7X7UZyX83ioiuTVgZ":{"chainKey":{"counter":0,"key":"lAQgSTqTESk7le6QBdpf/ghRVmPyIEfXS3Q/1rx2Ygk="},"chainType":1,"messageKeys":{}}},"pendingPreKey":{"signedKeyId":3,"baseKey":"BeHPMb+yS+djnbCn64mfkbcIfCiftRpAM5+jc46GNVYN","preKeyId":7904071}}},"version":"v1"}