{"_sessions":{"BSnozgFecrEcr6k5SAqpPZ8i1egd9RAoUcNsGQBP+A88":{"registrationId":421107179,"currentRatchet":{"ephemeralKeyPair":{"pubKey":"BRGviiBx5qKWNSVT67v+L/1yT9dyTX095YrJmgBioXcr","privKey":"aNJGat/j0m15oyX0DxZgOrMw5TbEKtDZVl4vVlEjk3c="},"lastRemoteEphemeralKey":"BQ35m8Of7W/RIu/7P1FDk2qKlAdBsIFv2AHbQmF9s1w5","previousCounter":0,"rootKey":"HSuCNJ7c9u1Mhw879gwHszu/CtFAMIngzn9mj8AjsnI="},"indexInfo":{"baseKey":"BSnozgFecrEcr6k5SAqpPZ8i1egd9RAoUcNsGQBP+A88","baseKeyType":2,"closed":-1,"used":1676282990946,"created":1676282990946,"remoteIdentityKey":"Ba1pBX86My5Cb7joqhttlT382FIrHjAUpfEy9d1mwVVb"},"_chains":{"BQ35m8Of7W/RIu/7P1FDk2qKlAdBsIFv2AHbQmF9s1w5":{"chainKey":{"counter":0,"key":"gS9PAn2oHRXRAYnYCdmPiMgmSbZqs0cXepeulgmlSJc="},"chainType":2,"messageKeys":{}},"BRGviiBx5qKWNSVT67v+L/1yT9dyTX095YrJmgBioXcr":{"chainKey":{"counter":-1,"key":"uS28+UgXBfgE+vBUVFx9cw5dEqEI+F7B4I6gjiEyXdQ="},"chainType":1,"messageKeys":{}}}}},"version":"v1"}