{"_sessions":{"BZi32kcIFNOZfC9bP+D3x/IEJYgDFYADpIEe0tK3mflL":{"registrationId":701459446,"currentRatchet":{"ephemeralKeyPair":{"pubKey":"BfVqOJ4aJ8fehTnBmxxeP5vQf2hPYaayk2sKnvjPM3MA","privKey":"WGuVXwJyoh6C2OEaTaTLGLLRZTlg0Q2workmzUp6g3I="},"lastRemoteEphemeralKey":"Bab8XF73WqXvjjttjh8ibtTWtD5Qgmw1Klut5dUjkCh8","previousCounter":0,"rootKey":"r0OxNrJk5/n1O/pan8j3MykTOhoTQdAQ99MxZytEqF0="},"indexInfo":{"baseKey":"BZi32kcIFNOZfC9bP+D3x/IEJYgDFYADpIEe0tK3mflL","baseKeyType":1,"closed":-1,"used":1676725513444,"created":1676725513444,"remoteIdentityKey":"BeSKZOgfbshWij9npT5PZcn7Er43lFMR53MDiPneTIp5"},"_chains":{"BfVqOJ4aJ8fehTnBmxxeP5vQf2hPYaayk2sKnvjPM3MA":{"chainKey":{"counter":0,"key":"phouQrOFQe8p1YOU8eWC/7m0/StqnI94chN9rYWUXDc="},"chainType":1,"messageKeys":{}}},"pendingPreKey":{"signedKeyId":1,"baseKey":"BZi32kcIFNOZfC9bP+D3x/IEJYgDFYADpIEe0tK3mflL","preKeyId":1111696}}},"version":"v1"}