{"_sessions":{"BbQ0h1S5s2NiOMYT5bSA95vpT9UXvE+tbOSDiJ7jqQ1F":{"registrationId":4923,"currentRatchet":{"ephemeralKeyPair":{"pubKey":"BaeFLFWPPcAPWuqQx14LjOzP5LIAkfbtXDDOGUHFzt5g","privKey":"wIgJLlbmbiD7oQTcIQe7K1O2gZE9YtCmir17MaKeSms="},"lastRemoteEphemeralKey":"BSHvYboRg2U6NC47pCTwrB3zL19goKtx2lNx24a9418/","previousCounter":0,"rootKey":"AX7pAdBaBz7NC20nynep40elAHsH41iasAJ0MdhqA4E="},"indexInfo":{"baseKey":"BbQ0h1S5s2NiOMYT5bSA95vpT9UXvE+tbOSDiJ7jqQ1F","baseKeyType":1,"closed":-1,"used":1676725513411,"created":1676725513411,"remoteIdentityKey":"BWT5208MHy5uHco0YqHHQWeMGxVqKpG7AiqAawp8z358"},"_chains":{"BaeFLFWPPcAPWuqQx14LjOzP5LIAkfbtXDDOGUHFzt5g":{"chainKey":{"counter":0,"key":"y5hORUg8mZCSaTaefbexPZD/R0eaAT+1OjS6YUJZKP4="},"chainType":1,"messageKeys":{}}},"pendingPreKey":{"signedKeyId":1,"baseKey":"BbQ0h1S5s2NiOMYT5bSA95vpT9UXvE+tbOSDiJ7jqQ1F","preKeyId":924}}},"version":"v1"}