{"_sessions":{"BSW80cr+X0hTKbKftIR0ueVFE9RRNdEdvfEzaDMLEhtz":{"registrationId":966351630,"currentRatchet":{"ephemeralKeyPair":{"pubKey":"BR9WLWif9GZOMh2A3fsUKZjGwIPTBJlFAYQA1s+6rZB8","privKey":"YB9HYt1eKHx8nY4LpIswUbPw25MfzCr76YX/6L/3GnA="},"lastRemoteEphemeralKey":"BQihbog9E+xcfrT7GT8CqE8vtVjVvVjpO5cOJIcOnIJr","previousCounter":0,"rootKey":"4YxdwRW+KydJrHdaZ38VwrX7Z2Nk04UcWW9bRVV9ITk="},"indexInfo":{"baseKey":"BSW80cr+X0hTKbKftIR0ueVFE9RRNdEdvfEzaDMLEhtz","baseKeyType":2,"closed":-1,"used":1676713727545,"created":1676713727545,"remoteIdentityKey":"BQR2bsjLaSrNFfYoHwp9zvT9XjEbsJ4UNT6TR2YYxjVW"},"_chains":{"BQihbog9E+xcfrT7GT8CqE8vtVjVvVjpO5cOJIcOnIJr":{"chainKey":{"counter":1,"key":"UIiJbkdUEovJ66n33s818HHw8VvXeBvJnGAqAWhbCt4="},"chainType":2,"messageKeys":{}},"BR9WLWif9GZOMh2A3fsUKZjGwIPTBJlFAYQA1s+6rZB8":{"chainKey":{"counter":0,"key":"VdRlGaybMwOIa9kDLNBo8hEYb93ZbVqvRNQJqU09Lpc="},"chainType":1,"messageKeys":{}}}}},"version":"v1"}