{"_sessions":{"BXtbhIHKpgaR3PZVHyCfGN3iRJdeqY94fDj7h2Xft/sc":{"registrationId":112627809,"currentRatchet":{"ephemeralKeyPair":{"pubKey":"BZQbTTlkPaqgAhBILU0gkFOAtyBGyGQYpIjLc5N9trVD","privKey":"QKgc0gvTpshz8YLLQOl7ZFC1ptEJO8mriYCQSUZfQlo="},"lastRemoteEphemeralKey":"BZoaDOAMjE27FZ5v3xesjI3eamFDNdr05YcexsIfMW9q","previousCounter":0,"rootKey":"Ixi+tpcrkSKX55aMyBOcDWY8kpa3sS2rILQDgASBqjQ="},"indexInfo":{"baseKey":"BXtbhIHKpgaR3PZVHyCfGN3iRJdeqY94fDj7h2Xft/sc","baseKeyType":1,"closed":-1,"used":1676725513428,"created":1676725513428,"remoteIdentityKey":"BYNKDa8S9A7daNmYHo9Dnnbdb48wgbYtxn5aW3wKroBG"},"_chains":{"BZQbTTlkPaqgAhBILU0gkFOAtyBGyGQYpIjLc5N9trVD":{"chainKey":{"counter":0,"key":"Yp0h21UihPos9yJ/2l/Mv3HfKz0Cxhq0w92qC0csBSY="},"chainType":1,"messageKeys":{}}},"pendingPreKey":{"signedKeyId":33,"baseKey":"BXtbhIHKpgaR3PZVHyCfGN3iRJdeqY94fDj7h2Xft/sc","preKeyId":6448617}}},"version":"v1"}