{"_sessions":{"BQ/aDjMh4GYL48ASWAOGKE8xwsx/9vdn9nFfaeV8Kv1T":{"registrationId":420,"currentRatchet":{"ephemeralKeyPair":{"pubKey":"BaMrLhkNiX+3HO7d+xvyjKy7ZuXMnikIwHgM0Ac/U+Fl","privKey":"GFKtvEBvbp7qD1MqhVRjVi0qEap6r7eJEyiKZeXKqlo="},"lastRemoteEphemeralKey":"BWMblLo5Z/0Hkcqe3ttNanRRP9aU57bwgyz6mCKBwBNL","previousCounter":0,"rootKey":"UkwD7kabQDIFoL0eQxcgLoHMg9pL0RJHajs0AF+rdnY="},"indexInfo":{"baseKey":"BQ/aDjMh4GYL48ASWAOGKE8xwsx/9vdn9nFfaeV8Kv1T","baseKeyType":1,"closed":1676252679803,"used":1676252662593,"created":1676252662593,"remoteIdentityKey":"BcnbKB/cvMoj3cPbGI4z6KhCxGmEjmoVQKRem2BT0jdi"},"_chains":{"BaMrLhkNiX+3HO7d+xvyjKy7ZuXMnikIwHgM0Ac/U+Fl":{"chainKey":{"counter":0,"key":"+AGcF13FohJPKo2d9MXiLrwibj6o0CX3zA7vz/CM5Cs="},"chainType":1,"messageKeys":{}}},"pendingPreKey":{"signedKeyId":1,"baseKey":"BQ/aDjMh4GYL48ASWAOGKE8xwsx/9vdn9nFfaeV8Kv1T"}},"Bal7SRx/C4QU1NJ0eWIxDWRlI4Zipw970DQclZwNnZMW":{"registrationId":420,"currentRatchet":{"ephemeralKeyPair":{"pubKey":"BZqlwpwg4AtO392FsOE923qYpw439qjXWstMw3FkagAq","privKey":"IATtQzyQv0LUmOF3O7lyawU1h28t+JzxOnNk/tagaU8="},"lastRemoteEphemeralKey":"BWMblLo5Z/0Hkcqe3ttNanRRP9aU57bwgyz6mCKBwBNL","previousCounter":0,"rootKey":"s3G6B6wFFG7ReOIM8NuOKeVnKPQ9E9xzchYTnx7qKKU="},"indexInfo":{"baseKey":"Bal7SRx/C4QU1NJ0eWIxDWRlI4Zipw970DQclZwNnZMW","baseKeyType":1,"closed":1676252740433,"used":1676252679795,"created":1676252679794,"remoteIdentityKey":"BcnbKB/cvMoj3cPbGI4z6KhCxGmEjmoVQKRem2BT0jdi"},"_chains":{"BZqlwpwg4AtO392FsOE923qYpw439qjXWstMw3FkagAq":{"chainKey":{"counter":-1,"key":"RD6Fulvh3BNaw71sByM+TmLVCvtTuH/7gXGPmpwgT80="},"chainType":1,"messageKeys":{}}},"pendingPreKey":{"signedKeyId":1,"baseKey":"Bal7SRx/C4QU1NJ0eWIxDWRlI4Zipw970DQclZwNnZMW"}},"BY3UowC9Df9hoq7isKT9mn9YExIPUqfMo9lCcZPtGjUF":{"registrationId":420,"currentRatchet":{"ephemeralKeyPair":{"pubKey":"Bf878TkHvvSOj3OIE7Ei4sgv/NuR9F9b/gfenUUPgl5i","privKey":"iHUPCZnMgjuOJKQunHQOg4KJi6AwB1wqoIfi4EUvUVY="},"lastRemoteEphemeralKey":"BWMblLo5Z/0Hkcqe3ttNanRRP9aU57bwgyz6mCKBwBNL","previousCounter":0,"rootKey":"4KBsvyEsZ4IT4AiKjbdhtljwnMfVJAm3S16DHOW+9YQ="},"indexInfo":{"baseKey":"BY3UowC9Df9hoq7isKT9mn9YExIPUqfMo9lCcZPtGjUF","baseKeyType":1,"closed":1676252770774,"used":1676252740427,"created":1676252740427,"remoteIdentityKey":"BcnbKB/cvMoj3cPbGI4z6KhCxGmEjmoVQKRem2BT0jdi"},"_chains":{"Bf878TkHvvSOj3OIE7Ei4sgv/NuR9F9b/gfenUUPgl5i":{"chainKey":{"counter":-1,"key":"cR6zlKTliFS5LxH2mrgAhAznDUqpWc/dGJFNvUkh7nM="},"chainType":1,"messageKeys":{}}},"pendingPreKey":{"signedKeyId":1,"baseKey":"BY3UowC9Df9hoq7isKT9mn9YExIPUqfMo9lCcZPtGjUF"}},"BSjYfxd8E59rzTK8hlobQDnR94zIhiGJAWjHQP6gYtZx":{"registrationId":420,"currentRatchet":{"ephemeralKeyPair":{"pubKey":"BReuvMtn1lCtQcRv/gYbm6KrFhnlMclCbEDK3jEZe5lG","privKey":"sDxaL4E3NnA7YaUOjPZu5tMu6ys69nkC6G4WNl82j0U="},"lastRemoteEphemeralKey":"BWMblLo5Z/0Hkcqe3ttNanRRP9aU57bwgyz6mCKBwBNL","previousCounter":0,"rootKey":"kZYRtAa8rnsCwr4edDYq2pwQZqRx5ERMZJVIqPxtaZ0="},"indexInfo":{"baseKey":"BSjYfxd8E59rzTK8hlobQDnR94zIhiGJAWjHQP6gYtZx","baseKeyType":1,"closed":1676252865243,"used":1676252770765,"created":1676252770765,"remoteIdentityKey":"BcnbKB/cvMoj3cPbGI4z6KhCxGmEjmoVQKRem2BT0jdi"},"_chains":{"BReuvMtn1lCtQcRv/gYbm6KrFhnlMclCbEDK3jEZe5lG":{"chainKey":{"counter":-1,"key":"PsyFUq4pO+nCoB2OxvkJdhEMmNOAt/QYY+1SU0KR9jA="},"chainType":1,"messageKeys":{}}},"pendingPreKey":{"signedKeyId":1,"baseKey":"BSjYfxd8E59rzTK8hlobQDnR94zIhiGJAWjHQP6gYtZx"}},"BXhcCg2CxXW6kPp9iGl8CmXGKFmIYc2BViBfEtihJFRF":{"registrationId":420,"currentRatchet":{"ephemeralKeyPair":{"pubKey":"Bc4ltY9fdj5LTf77R7We0rhDcXIyJEH9jBxn8pblwF5a","privKey":"4M5yYXwKcuC0QDd8bydZcydJwwYHm6BEVZVHWVJzsFE="},"lastRemoteEphemeralKey":"BWMblLo5Z/0Hkcqe3ttNanRRP9aU57bwgyz6mCKBwBNL","previousCounter":0,"rootKey":"LHy9pGHxERczBDjgCVSv8by11I8+iXD/WO4p1ybX64o="},"indexInfo":{"baseKey":"BXhcCg2CxXW6kPp9iGl8CmXGKFmIYc2BViBfEtihJFRF","baseKeyType":1,"closed":-1,"used":1676252865237,"created":1676252865237,"remoteIdentityKey":"BcnbKB/cvMoj3cPbGI4z6KhCxGmEjmoVQKRem2BT0jdi"},"_chains":{"Bc4ltY9fdj5LTf77R7We0rhDcXIyJEH9jBxn8pblwF5a":{"chainKey":{"counter":-1,"key":"Lc3r3eMFZzNyei/r0plWypNHVeNK1qwlmOOBBSKwJPw="},"chainType":1,"messageKeys":{}}},"pendingPreKey":{"signedKeyId":1,"baseKey":"BXhcCg2CxXW6kPp9iGl8CmXGKFmIYc2BViBfEtihJFRF"}}},"version":"v1"}