{"_sessions":{"BeDNAs03Hych518aL42+zhUABtUDqB9SukOZCbMI85Jp":{"registrationId":1829186654,"currentRatchet":{"ephemeralKeyPair":{"pubKey":"BbTlqzyUxNSJm+uBhiO1BVdfoPJNdWUlF7uYDpKGTfZh","privKey":"aAAruTjI3ZCxGei0kZ+h0cY7nR1XOPmuTKi4rYaU1mY="},"lastRemoteEphemeralKey":"BfZgMM9IVXr1TNrKa3px1lMaLgWUMO7jGWwjVHyTDxI6","previousCounter":0,"rootKey":"xVv8CecufnGsJhY/jBHQjCt2DazIUEUsNZmUZhc+N7Q="},"indexInfo":{"baseKey":"BeDNAs03Hych518aL42+zhUABtUDqB9SukOZCbMI85Jp","baseKeyType":2,"closed":-1,"used":1676272615902,"created":1676272615902,"remoteIdentityKey":"Be3HoL6/P4vXyc7Gq9a3ciUj7nmB1WUoNjby6CALnnM/"},"_chains":{"BfZgMM9IVXr1TNrKa3px1lMaLgWUMO7jGWwjVHyTDxI6":{"chainKey":{"counter":0,"key":"ayfvUpf+db7fh0NTq8xY4PYMYQKGgcOILZvpE/u6uQI="},"chainType":2,"messageKeys":{}},"BbTlqzyUxNSJm+uBhiO1BVdfoPJNdWUlF7uYDpKGTfZh":{"chainKey":{"counter":-1,"key":"WyyLZeIw7FL9yWXkKtMOZMSwIjDJvELYAvUn9tEznIg="},"chainType":1,"messageKeys":{}}}}},"version":"v1"}