{"_sessions":{"BUNj3YV5eEA6/BkBDDMxzynfuUOuAwkWc6ZZKWpwZNwk":{"registrationId":2037520960,"currentRatchet":{"ephemeralKeyPair":{"pubKey":"BUi7+RupCy+WiWbdyZpITNg5pc2nOMpHEoY/afyTHd5b","privKey":"6CY7Fme3CogxagmJGTMHd7+yDgL9eVJYVcpRgLTr+nk="},"lastRemoteEphemeralKey":"Bf3u0CGHc0qkMdrIeLuUKbPserUfsAXzZHBpS29Dr7VT","previousCounter":0,"rootKey":"8myF1W24QJXdl0cytGHUK65ja5M18kwoh1dTyE3rSIg="},"indexInfo":{"baseKey":"BUNj3YV5eEA6/BkBDDMxzynfuUOuAwkWc6ZZKWpwZNwk","baseKeyType":1,"closed":-1,"used":1676725513429,"created":1676725513429,"remoteIdentityKey":"BXr9+HozSv+hxbOPvQXNW9Wsw05mn+RYeYyAEA52eHNQ"},"_chains":{"BUi7+RupCy+WiWbdyZpITNg5pc2nOMpHEoY/afyTHd5b":{"chainKey":{"counter":0,"key":"z1O0y/C9i1odgLZwTp/neZA4RTDIlwyM0zIs4JBzRMY="},"chainType":1,"messageKeys":{}}},"pendingPreKey":{"signedKeyId":13,"baseKey":"BUNj3YV5eEA6/BkBDDMxzynfuUOuAwkWc6ZZKWpwZNwk","preKeyId":13309960}}},"version":"v1"}