{"_sessions":{"BUA+jf+T68l03b+9rkokGf14QiVZy7K4xfsVXd6aupIy":{"registrationId":1923,"currentRatchet":{"ephemeralKeyPair":{"pubKey":"BYp/anM+Z5H2I0SLi5h9zzwWbo6wiBV/Q79ZUh2vVWVf","privKey":"8KP1fO4qL8ULnmptaylDIrpMec+S46/bkcSJZdncjkQ="},"lastRemoteEphemeralKey":"BTcqV4T1lFLWT6PCBuqlOESQ2RtAhoN+XlrKl5WpfvJ5","previousCounter":0,"rootKey":"0fNqHbbQLtoeKRyw8QBA9OP5DhDkgEmc/ZXPcwrD1Wc="},"indexInfo":{"baseKey":"BUA+jf+T68l03b+9rkokGf14QiVZy7K4xfsVXd6aupIy","baseKeyType":1,"closed":-1,"used":1676725513399,"created":1676725513399,"remoteIdentityKey":"BQXgRP0jxObBOjVrwehI6IM4Fsw+iDFCblgho8kEzOIk"},"_chains":{"BYp/anM+Z5H2I0SLi5h9zzwWbo6wiBV/Q79ZUh2vVWVf":{"chainKey":{"counter":0,"key":"4nK7eTpFK5ygDe8sEgghfIg4wf5rKTgZrup7HztSy7A="},"chainType":1,"messageKeys":{}}},"pendingPreKey":{"signedKeyId":1,"baseKey":"BUA+jf+T68l03b+9rkokGf14QiVZy7K4xfsVXd6aupIy","preKeyId":139}}},"version":"v1"}