{"_sessions":{"BQniTQpTjpFsSGrYzGnIF4U1q+FEYf0y2pDj3yNAppsR":{"registrationId":1388167087,"currentRatchet":{"ephemeralKeyPair":{"pubKey":"BU266Pq3tGA6CI/sXdGSGvmpKdXiqd8Ev5euwOmzA706","privKey":"ILd+3CdpRn35EXOQ7n/nAQovIITe9WYkXKf/7cb8G0c="},"lastRemoteEphemeralKey":"BdwJ13+CQ7tJFJ3hxHxAsWieRgCg3OU7ez/s62WdynYW","previousCounter":0,"rootKey":"Is44nk9Ie2O8bV6qxy3XmJ0upzC1WDMPJgYPenVe+58="},"indexInfo":{"baseKey":"BQniTQpTjpFsSGrYzGnIF4U1q+FEYf0y2pDj3yNAppsR","baseKeyType":2,"closed":-1,"used":1676282820439,"created":1676282820439,"remoteIdentityKey":"Bax95IUYp6Q2Qr9yBNGgq5nqYtCYWId125DJkUnar58T"},"_chains":{"BdwJ13+CQ7tJFJ3hxHxAsWieRgCg3OU7ez/s62WdynYW":{"chainKey":{"counter":1,"key":"UYuCQBf3aA8NA13arIwLVnqtHf/aUaoPRn+sZhhB7nE="},"chainType":2,"messageKeys":{}},"BU266Pq3tGA6CI/sXdGSGvmpKdXiqd8Ev5euwOmzA706":{"chainKey":{"counter":-1,"key":"7sGvj3g5cmAl/13wfYhftlmp29SG6vB1Qv5tCejB4Mo="},"chainType":1,"messageKeys":{}}}}},"version":"v1"}