{"_sessions":{"BeAfo95pTMjK44AkVYAOlnQI6dyAauoK4dcjohRkKi4m":{"registrationId":1951278616,"currentRatchet":{"ephemeralKeyPair":{"pubKey":"BVuetC9+G51a1wXvausvrpV1kN9lRw1MjYjdX3+V4710","privKey":"2D7sEBE8mVcRyQh7nmEsNrV/DPqnc7WB5Sh2E0/0CFc="},"lastRemoteEphemeralKey":"BQIc1C/JiMv/yNZKI2MFroD+smszuQG6p3LHn7mqFKY7","previousCounter":0,"rootKey":"Dx8B8U+MEf4RFQMPywJq0GbcbJd/rb4GRgqX0VyGaTQ="},"indexInfo":{"baseKey":"BeAfo95pTMjK44AkVYAOlnQI6dyAauoK4dcjohRkKi4m","baseKeyType":2,"closed":-1,"used":1676260675829,"created":1676260675829,"remoteIdentityKey":"BZuiKtVm3gCeFkdOGMmTwKzB7Tq5w+VDyTjGSkChx+44"},"_chains":{"BQIc1C/JiMv/yNZKI2MFroD+smszuQG6p3LHn7mqFKY7":{"chainKey":{"counter":0,"key":"jvi82aClK0h/nbr0RI2ydguqVCO8gMawdsn7hvW2huE="},"chainType":2,"messageKeys":{}},"BVuetC9+G51a1wXvausvrpV1kN9lRw1MjYjdX3+V4710":{"chainKey":{"counter":-1,"key":"FMkBdmxfOvey+tXJseevnGTUPiq3e9+eOWtmWbyXvbE="},"chainType":1,"messageKeys":{}}}}},"version":"v1"}