{"_sessions":{"BS55N+4U++e3KAFud5brCVooW2MkzSvxKoBcdKXIzBFU":{"registrationId":1756437069,"currentRatchet":{"ephemeralKeyPair":{"pubKey":"BdHChGxspUnMIe0m76BOdkBkvnYlyy9lUp5uoUxQQWxs","privKey":"wMQiq727uiPwOlrm8oVzyFA+zoZQ2eD5iAnn/UE/cHU="},"lastRemoteEphemeralKey":"BWfemWdJluZMsQXnURlW+q2JxjVkOY+FsUN/yp7xVYVa","previousCounter":0,"rootKey":"WNiwHPT9pgKqn/PvMaRkjlL8o5E2/yfGrkKMuPR87N4="},"indexInfo":{"baseKey":"BS55N+4U++e3KAFud5brCVooW2MkzSvxKoBcdKXIzBFU","baseKeyType":2,"closed":-1,"used":1676253396580,"created":1676253396580,"remoteIdentityKey":"BfG8ubJOmZLN02aXNTI3QzfVeC+xkVpuq/IfZZSUhIhZ"},"_chains":{"BWfemWdJluZMsQXnURlW+q2JxjVkOY+FsUN/yp7xVYVa":{"chainKey":{"counter":1,"key":"VPDYKkWt0qmQJSnrJE3syoy983nJ8qZfGvwNyd+H73A="},"chainType":2,"messageKeys":{}},"BdHChGxspUnMIe0m76BOdkBkvnYlyy9lUp5uoUxQQWxs":{"chainKey":{"counter":-1,"key":"a3j5jl6Vkm/7i/M4W8Gf0MMJ8afSo0Qqm5U7FPZC2mk="},"chainType":1,"messageKeys":{}}}}},"version":"v1"}