{"_sessions":{"BUxseYoSttPsVSZlhHxncfvtcjNXez3tq68CC7pvlOxG":{"registrationId":902580837,"currentRatchet":{"ephemeralKeyPair":{"pubKey":"BQVOTUqfTWpATtJ2+dlKqRFEOlyUP86hp/yg5UFOO5kC","privKey":"wPGf6kMM35aw8EFO6/J9HdtzPrR8j217MXd6bcZeAks="},"lastRemoteEphemeralKey":"BTjFysdSqQgM4dJKOr4pCxnd5PeF0hcJbVjKWczhas57","previousCounter":0,"rootKey":"1q+YkqVJS6A8QYBjALAxIB6tFxzUSz98rEy6DMEFbYs="},"indexInfo":{"baseKey":"BUxseYoSttPsVSZlhHxncfvtcjNXez3tq68CC7pvlOxG","baseKeyType":2,"closed":-1,"used":1676296816500,"created":1676296816500,"remoteIdentityKey":"BX074dn4tzOgIaS+O9HFJjy+avQtzNYFDozJfOIoceYT"},"_chains":{"BTjFysdSqQgM4dJKOr4pCxnd5PeF0hcJbVjKWczhas57":{"chainKey":{"counter":0,"key":"aPRvEsT7ZVVtkJKnQ1fl9BcAQ5V455pOdADQsyqrKKA="},"chainType":2,"messageKeys":{}},"BQVOTUqfTWpATtJ2+dlKqRFEOlyUP86hp/yg5UFOO5kC":{"chainKey":{"counter":-1,"key":"uX2iJ16Lr5Nt/xX9v4o1GBss4fvGbaJA6wZzovEDDyg="},"chainType":1,"messageKeys":{}}}}},"version":"v1"}