{"_sessions":{"BXMplRNR6lAUieiLeR6cwZIq7+yl239fJgI0Sy1Qf4N9":{"registrationId":2009871545,"currentRatchet":{"ephemeralKeyPair":{"pubKey":"BVAWj8b3qWb2OrHsuwxEmfrBNDyeCzul1Ez9PMxDTGBv","privKey":"oP8d6yLxEC+G21Gi4yw9hDt+UR7iOL+6e1xr8vmrgW4="},"lastRemoteEphemeralKey":"BciRP61Ml9PrHN6cjt6Tt4wG7bkWywzRzbRhAo0jDV85","previousCounter":0,"rootKey":"FBkWYJbFuga6s2zCPtbBxkzVpKOzPbWNbr0O82AOBSE="},"indexInfo":{"baseKey":"BXMplRNR6lAUieiLeR6cwZIq7+yl239fJgI0Sy1Qf4N9","baseKeyType":2,"closed":-1,"used":1676296816194,"created":1676252651861,"remoteIdentityKey":"BTLYkWd3oWe5hE2EZHV0kTivUgEB4s5FTxP+D5IiHwQA"},"_chains":{"BawcTswzXtL6baAgEexfW1bZ7Y8/c3g1HcyfCGdFMvQI":{"chainKey":{"counter":0},"chainType":2,"messageKeys":{}},"BciRP61Ml9PrHN6cjt6Tt4wG7bkWywzRzbRhAo0jDV85":{"chainKey":{"counter":2,"key":"vZ9JDFPwUb0bIOt6U6gZnjOqZnQU8NeIpUaoken8UUA="},"chainType":2,"messageKeys":{}},"BVAWj8b3qWb2OrHsuwxEmfrBNDyeCzul1Ez9PMxDTGBv":{"chainKey":{"counter":-1,"key":"i18hXAJhSRsfJuKCzHaB6UyPZADrAVzK+VA9lUTPIPg="},"chainType":1,"messageKeys":{}}}}},"version":"v1"}