{"_sessions":{"BWYIutSNeQaOn3c+I/bUUzmDaSIHIw4vZo0pEgwYadEw":{"registrationId":1484417623,"currentRatchet":{"ephemeralKeyPair":{"pubKey":"BfrGyK4uQAnkX4pe2jki3RvNCaSyZ6fNDq2WAE3n+3w7","privKey":"aPzGPfWJs+5798GaQy4vTHpRgx1o4F8/vlfJLg/Xsmo="},"lastRemoteEphemeralKey":"BRknTsqdEv+Sq9GlutSoZH28zzHGOyAOxmp0qmJAhbgl","previousCounter":0,"rootKey":"tqhOJPPGsYyTI1MbKjI91j8+yTmSZGqjpihWej+BRKE="},"indexInfo":{"baseKey":"BWYIutSNeQaOn3c+I/bUUzmDaSIHIw4vZo0pEgwYadEw","baseKeyType":1,"closed":-1,"used":1676786627097,"created":1676725513436,"remoteIdentityKey":"BRO9Ic9Q0pU4/NtLvX230lsysOAU/sYGgzY9DhpUYGcr"},"_chains":{"BRknTsqdEv+Sq9GlutSoZH28zzHGOyAOxmp0qmJAhbgl":{"chainKey":{"counter":0,"key":"/Rds29YRwT1GhIxE+Jtnw9oX9zm5aXgPCJW22DU4ioM="},"chainType":2,"messageKeys":{}},"BfrGyK4uQAnkX4pe2jki3RvNCaSyZ6fNDq2WAE3n+3w7":{"chainKey":{"counter":-1,"key":"oKf+3MQ45Qz8QtzfB9MM5nW++nrdr/njKbEgZ4kGiuY="},"chainType":1,"messageKeys":{}}}}},"version":"v1"}