{"_sessions":{"BWibD7+loPNrHvcqY+6O01FJF6/ZjrdQzwHncUF1B7Fe":{"registrationId":35,"currentRatchet":{"ephemeralKeyPair":{"pubKey":"BVchQj/kMdohd2nK5kYRlh+NaAxfH8J4BbR5VL7kc+1Q","privKey":"QMxqp209qcfSuZJBgMZKdkkCmSdwWAwOHy54ISe5HU0="},"lastRemoteEphemeralKey":"BV9CDS1m48SfnMiwWokGs9GhBy1zvy/OuQdrCCptCxUh","previousCounter":0,"rootKey":"F3SXkfRt9AhsiwZ9oYtz43xHEjIydVCp1wwRQu8mSig="},"indexInfo":{"baseKey":"BWibD7+loPNrHvcqY+6O01FJF6/ZjrdQzwHncUF1B7Fe","baseKeyType":1,"closed":-1,"used":1676725513396,"created":1676725513396,"remoteIdentityKey":"BTMXl7WTrTYGDWV6h3NieV0pNntjawlTfj9XWwcNN49b"},"_chains":{"BVchQj/kMdohd2nK5kYRlh+NaAxfH8J4BbR5VL7kc+1Q":{"chainKey":{"counter":0,"key":"EtSzdqpysDBGMTgYYa6eSuw2sqR8hEzOk7mt+shwfMw="},"chainType":1,"messageKeys":{}}},"pendingPreKey":{"signedKeyId":1,"baseKey":"BWibD7+loPNrHvcqY+6O01FJF6/ZjrdQzwHncUF1B7Fe"}}},"version":"v1"}