{"_sessions":{"BUFA8BlMJmh4V8zOBRWv/UXtqXJqGHUk/qGvX6czHPdv":{"registrationId":80266071,"currentRatchet":{"ephemeralKeyPair":{"pubKey":"BZ0NCrouPGQM8CyTtEmUm2wzgz/6BmadlkM31d5eh81a","privKey":"SOtszt2lYfDAfyn+C15E9FMqXWPm6U/bs2RT5m2Z/nI="},"lastRemoteEphemeralKey":"BeNOxyFGPQK3/KagEmntLn13B9uehoxpa5TOtBgB23ds","previousCounter":0,"rootKey":"lLMvhpnGpXM9303zXD23zJgXk2IqIYbjG1GKrw0zrdo="},"indexInfo":{"baseKey":"BUFA8BlMJmh4V8zOBRWv/UXtqXJqGHUk/qGvX6czHPdv","baseKeyType":2,"closed":-1,"used":1676252270915,"created":1676252270915,"remoteIdentityKey":"BS0pGVHxhJC31qhF3FORHhvOsLYyWpOjEfi4HZcvsW42"},"_chains":{"BeNOxyFGPQK3/KagEmntLn13B9uehoxpa5TOtBgB23ds":{"chainKey":{"counter":10,"key":"R/hwAp02uoHZML/N5XES3UIUF/Vnw2yf/zB5d7Ecjpw="},"chainType":2,"messageKeys":{}},"BZ0NCrouPGQM8CyTtEmUm2wzgz/6BmadlkM31d5eh81a":{"chainKey":{"counter":-1,"key":"+dMuUtfcQDzej/puE5S8qgxjHAoR5x6S//NjxskWZ3Y="},"chainType":1,"messageKeys":{}}}}},"version":"v1"}