{"_sessions":{"BXeTil/UEJ2Q6ZbEblNxvVQcp+wr7tLiZ6GR9Y6MJ/Q9":{"registrationId":305156159,"currentRatchet":{"ephemeralKeyPair":{"pubKey":"BT5ax6ooGXWed9G4/dGN+2aagJiWovjUe2G8a/awRvwh","privKey":"eB6Wd0l2dJsnOBy+xWn6DDeJBHh3DyR79S8z/CIEAWw="},"lastRemoteEphemeralKey":"BY5SwgSodUWjIy0BeQJbCymg6m6oLYnjh9+g6VFhQbpR","previousCounter":0,"rootKey":"1HkFJX4OBjofBzvaY45GGFJrto7WLojsxIXGIYX5HFA="},"indexInfo":{"baseKey":"BXeTil/UEJ2Q6ZbEblNxvVQcp+wr7tLiZ6GR9Y6MJ/Q9","baseKeyType":2,"closed":1676725515616,"used":1676725221767,"created":1676241197723,"remoteIdentityKey":"BRjJ/X3fLI0VxT2Fx6a872KRkewBqiOTc4PJroqoEoR/"},"_chains":{"BSrZ7qLxefmUAXmEz+Fw9NOkQLLfDzZFdT8tp1uRFMhc":{"chainKey":{"counter":0},"chainType":2,"messageKeys":{}},"Ba5JSGSCCHOyPcGcpKWBOa6J8Qvr3zlgOcoNzW95J01e":{"chainKey":{"counter":0},"chainType":2,"messageKeys":{}},"Be+VnXzg8Q2KcVqNFVZChszfyQCzqdYTGEU3vDwX6wBG":{"chainKey":{"counter":0},"chainType":2,"messageKeys":{}},"BRIpAU4YyFObRR6xff1Xpq8lboYwo+NwCu6wHJHpWcZc":{"chainKey":{"counter":2},"chainType":2,"messageKeys":{}},"Bamsj78iCgy7x5Wj1hhDYv9Fb2ACnXlzbVxY/wCRRN00":{"chainKey":{"counter":0},"chainType":2,"messageKeys":{}},"BQVWK+xkX99JGijrl2/71FMwoBNgmhnEVRArg5HmX4pb":{"chainKey":{"counter":0},"chainType":2,"messageKeys":{}},"BQD4/YNYl9GBAQpOPszC6T13NomP2d/LGAVzb7HIDw8d":{"chainKey":{"counter":0},"chainType":2,"messageKeys":{}},"BRRzGBIKhkTEv3eUGbLDcNfEXPrn1XWOr+F+CkVUwDJX":{"chainKey":{"counter":0},"chainType":2,"messageKeys":{}},"BTYRZhPcsyrbUZOOJDtSUgSO6nTTy5zI3ogJ53YqhmV9":{"chainKey":{"counter":0},"chainType":2,"messageKeys":{}},"Be6GNIreKHmeOSM1l0QC64ru39A/0a+44VjlBnQ7h7pl":{"chainKey":{"counter":0},"chainType":2,"messageKeys":{}},"BQLvADNSg6iJ69D1t96efZI62eI/zu2EWXXUdFfuG4JK":{"chainKey":{"counter":0},"chainType":2,"messageKeys":{}},"BcE22QhmJ2lsAr9eAXWW/r/dzgY8fSpU6CghjWBkQRJK":{"chainKey":{"counter":0},"chainType":2,"messageKeys":{}},"BdooO+ODuvhiSnbR7hDMomcgJO3Z+zQTwn4/5dWwjGh/":{"chainKey":{"counter":0},"chainType":2,"messageKeys":{}},"BSgPUW6Nnv2c+bSEb0PLq7H33V+hCDCW1j7WGssaBv4f":{"chainKey":{"counter":3},"chainType":2,"messageKeys":{}},"BduKZ3pLkjXWgwfWZf5FBIUTEC5tDdtPUP7KhIRR0V4Q":{"chainKey":{"counter":1},"chainType":2,"messageKeys":{}},"BT7FEyuD3jWLDzr4S4J1N5M5Q5NUA7ghuvS4iycqiCsH":{"chainKey":{"counter":2},"chainType":2,"messageKeys":{}},"BWe9euBTEo9Mj8kOnNHEdWUXqRgTQ12rhyrxAPZ9SJ9H":{"chainKey":{"counter":0},"chainType":2,"messageKeys":{}},"BSR/jlluPVYJb2onsb/Qx6aqj3SJE9gqEn2Mu4WK6pAt":{"chainKey":{"counter":0},"chainType":2,"messageKeys":{}},"BaRMlb/0DXXL0ZEVogNx0afILI38STcSDm94k60QbCR8":{"chainKey":{"counter":0},"chainType":2,"messageKeys":{}},"BUeRXP68BylhUAiIfb431CA5uQWsEt/xljNGxc2OMbx2":{"chainKey":{"counter":0},"chainType":2,"messageKeys":{}},"Be9UMkKZsiZqs55CGMZcZcN7fTW9b0PaVmlBUDbmJvJm":{"chainKey":{"counter":0},"chainType":2,"messageKeys":{}},"BXz/su2sclIoooGgp/4ZWjSXbo+rN3SFt9vbL/soPZND":{"chainKey":{"counter":0},"chainType":2,"messageKeys":{}},"BSR2SUayNkkR9UMY/jENWaiOyjRe1h+uhemcQVxdJVIa":{"chainKey":{"counter":0},"chainType":2,"messageKeys":{}},"Ba+ii2dkIlpBDNPhMmIIUImtHBLdmpJ7DlpLVTa17VZD":{"chainKey":{"counter":0},"chainType":2,"messageKeys":{}},"Bei/LX0KlyL2LGB4TvtNJOD+L8oqIjC6Ldf+sWxkNetQ":{"chainKey":{"counter":0},"chainType":2,"messageKeys":{}},"BUa3YCXjZV1xHzWY1U1kVNZgGSoD2XKR/R3TVCYvIMNi":{"chainKey":{"counter":0},"chainType":2,"messageKeys":{}},"BaVK10WqF0oxxdYNdJU/Ze5EjtFfYSk5OcZqqozZ7Q4/":{"chainKey":{"counter":0},"chainType":2,"messageKeys":{}},"BTuHbmWdMMRO57O5nAW6g7KsWzNImrWBlmZhNK0J+jRg":{"chainKey":{"counter":0},"chainType":2,"messageKeys":{}},"BQbsQyKyABBujDCkoRC0FfpCEXYw4Atp6NpxRG4RiyF6":{"chainKey":{"counter":0},"chainType":2,"messageKeys":{}},"BeLfTNRwgaI9X5OOKnkAD+jSHMhfzrdszpKAooGKdmol":{"chainKey":{"counter":1},"chainType":2,"messageKeys":{}},"BXNx7GunZgQjQBqYisr0trFcD7Uv2TryBUjcbLxTAzcf":{"chainKey":{"counter":0},"chainType":2,"messageKeys":{}},"BYj5e2r0RBkfyNRJ4/Yhx0X146+4bTk3ueKOKYX5nahh":{"chainKey":{"counter":1},"chainType":2,"messageKeys":{}},"BcBjM2pmsDAfkXsXume618XP4FCtFtIm6486kVLpta0U":{"chainKey":{"counter":0},"chainType":2,"messageKeys":{}},"Bc5QXfNCIFbPdFmQfXEZ/UUu8acNIrPSgVWAsX34Ax8o":{"chainKey":{"counter":0},"chainType":2,"messageKeys":{}},"BcygHlu3hqxcgxTYjpasLTVtpudSvGua0MlFHc8w23sg":{"chainKey":{"counter":0},"chainType":2,"messageKeys":{}},"BQ6I4h66YrAh9COvjzsvIAlsK+z55e5C4MmsjMHeySFo":{"chainKey":{"counter":0},"chainType":2,"messageKeys":{}},"BeLrzhkw3UvG3e57HLS992lnjpcDa+e8/Slyzj7P6cZp":{"chainKey":{"counter":2},"chainType":2,"messageKeys":{}},"Bf8JXRE+ZUtsFhgnjlnfgUeXLAIXB5YdTDpiKx8XQjtq":{"chainKey":{"counter":0},"chainType":2,"messageKeys":{}},"BfCU/WdSTCp1teHrfst8/fqTGtBM3rNpSwNVTi4bsKxA":{"chainKey":{"counter":0},"chainType":2,"messageKeys":{}},"BWcgRlR302KAVfqcfdduiuSiKf9fiwj22yP96TaSFA4d":{"chainKey":{"counter":2},"chainType":2,"messageKeys":{}},"BZfXRKa5PzKw5J6P7TIssowSfw0WKqvOocUGldrT7mwE":{"chainKey":{"counter":1},"chainType":2,"messageKeys":{}},"Ba8KlFPJGS8XpOaUqrAwQIcAXl1STJrU//lLFPbcydwJ":{"chainKey":{"counter":1},"chainType":2,"messageKeys":{}},"BfzXI29bthLEEYnjpOMljvyBJ7aeKTc5XYmp8lGWe81d":{"chainKey":{"counter":1},"chainType":2,"messageKeys":{}},"BV5y2RsU2g/Q0WPAHv7GN6LMwzpY7PB/mcX+pzujY0AO":{"chainKey":{"counter":0},"chainType":2,"messageKeys":{}},"BdwTCcRbEan3Ly3TO1fAl55rVzLdacP2lI/peiswEOEc":{"chainKey":{"counter":0},"chainType":2,"messageKeys":{}},"BS4DRah+oh6wMZXuHoss0isOa/p6Mt/mxwRAFTWri8V+":{"chainKey":{"counter":0},"chainType":2,"messageKeys":{}},"BaA27hWdam2M2CcLm4Kk0G8/abOOXwEL/kYeifaENd4L":{"chainKey":{"counter":1},"chainType":2,"messageKeys":{}},"BTFn70a/0LjVF7XLat+3INq3bHvGozlCg6z9/Y5lmpFz":{"chainKey":{"counter":9},"chainType":2,"messageKeys":{}},"BYje2D2Ici2ODSJjYimehHvz0ifQQ9ay1PMR5THsVw97":{"chainKey":{"counter":2},"chainType":2,"messageKeys":{}},"BZiNAeqw7eOM5kDI0GjBjlxQ8yb7f0gKe8SVSrVYd6Un":{"chainKey":{"counter":0},"chainType":2,"messageKeys":{}},"BTcWb8nPKaXh38Sktsd9ZLRCIVzJbDstGv8zqRew1+do":{"chainKey":{"counter":0},"chainType":2,"messageKeys":{}},"BXevlHI3iEHHydWLH/y0mxPRZDYTmKWheNAL3SRRiEZ9":{"chainKey":{"counter":3},"chainType":2,"messageKeys":{}},"BYBbrKstJfC7cJ9BK9bk248sDTYjp8+yPBN/qTKD4n1p":{"chainKey":{"counter":2},"chainType":2,"messageKeys":{}},"BZoJTvymdEJVsb/8yyh8T/PixHMpNN/ETDvjS2GBtwRB":{"chainKey":{"counter":0},"chainType":2,"messageKeys":{}},"BQkjdBfEaJUlYdj12aRxlbtr+LQURVfJzKkqGgaXzpI/":{"chainKey":{"counter":3},"chainType":2,"messageKeys":{}},"BXhDm7b3UoC30EXZyJYBmUjm2Nbimu1UHfhPmdOrgH1Y":{"chainKey":{"counter":0},"chainType":2,"messageKeys":{}},"BbX5w7O9INNWZhYDY2eSzdk5bhu+gZyeReX1guNfGjtL":{"chainKey":{"counter":0},"chainType":2,"messageKeys":{}},"Be+ML2/l1vXiuNqvmp/7+1g1Lbg8fRwzB/2A/rWGjZ0P":{"chainKey":{"counter":1},"chainType":2,"messageKeys":{}},"Bfd3szjzOYBaZ/ZmBCi4849Bnki0E6+A2U20OMyP3dYs":{"chainKey":{"counter":0},"chainType":2,"messageKeys":{}},"BVSlmdO5+NVWz6QQUktQmN7bKrE+5RxbjsRECghLuVYI":{"chainKey":{"counter":0},"chainType":2,"messageKeys":{}},"BWUxFz+4LJYf46zTiG2oBfBg5Y1i80ZKkKUJ4S2c4Jc5":{"chainKey":{"counter":8},"chainType":2,"messageKeys":{}},"BTdwFwbMb7gWYSdkIPRIPWcnG7Qo0cNprSyMjq+AY/8w":{"chainKey":{"counter":5},"chainType":2,"messageKeys":{}},"BcYq5tuS4fSlqMXUug5AXQv3RAfoLCys9OqsYXC29SBu":{"chainKey":{"counter":0},"chainType":2,"messageKeys":{}},"BaY53yBovO5L3Q+sVqtLIL6CkG0l0Nl/mRUOYdkupEhi":{"chainKey":{"counter":0},"chainType":2,"messageKeys":{}},"BXbVPg0rpxXMAm3ZJ7QFjYB+g8ZEjk2eGu7W8N9vDNIh":{"chainKey":{"counter":1},"chainType":2,"messageKeys":{}},"BdFdtM2VXS82+yJd+dLg7pOJAyVj50p3ftGRB7fvVEQh":{"chainKey":{"counter":0},"chainType":2,"messageKeys":{}},"BbQEtFJh86h0vmoBJr11wzLEaJ58pp41/+RTFIebjj5h":{"chainKey":{"counter":0},"chainType":2,"messageKeys":{}},"Bag+Gn6kRJ58tPXbGUxKc/V59ghsdAxZ184s5KWF+1sR":{"chainKey":{"counter":0},"chainType":2,"messageKeys":{}},"BVZw6H6yvvjyxA18MqqFhrCNsGE8UDZ5g1lOrX+OwaFl":{"chainKey":{"counter":0},"chainType":2,"messageKeys":{}},"Ba4hVeI3V29HPcq7hcgo08AgAAWs1YhhmcksWc0g/3U+":{"chainKey":{"counter":0},"chainType":2,"messageKeys":{}},"BSb8BgiaWAUyRuD6u+19fluDC4gsWdUbKgBm2kECCXFI":{"chainKey":{"counter":1},"chainType":2,"messageKeys":{}},"BeVkAXHJop79JHaVD9fuFVWIVbzz/do9i45fHNGiApBy":{"chainKey":{"counter":0},"chainType":2,"messageKeys":{}},"BZy3zn8141hg2RICu+87kIb1sdS5Ay9NtJ0YpkjhLIdX":{"chainKey":{"counter":0},"chainType":2,"messageKeys":{}},"BU3+gjBFcIH2iwbVzBWESCJHddydRI03jigEEb60IidI":{"chainKey":{"counter":0},"chainType":2,"messageKeys":{}},"BajlKwsrIrC6T/NvfQcqe6LWPGCp08/BKWa69tQos412":{"chainKey":{"counter":0},"chainType":2,"messageKeys":{}},"BZwxC971weanydhq1Hm18Gd2wD9E89CYU+Q2k0aPvlkX":{"chainKey":{"counter":2},"chainType":2,"messageKeys":{}},"BWLvkGNoPuOdqzVlSm7obk9CmjvCQ0tIkDQ72XyE2BYS":{"chainKey":{"counter":0},"chainType":2,"messageKeys":{}},"BdUrn9o5kno8Tb/gcZHkAdkDqqDFdlJCU80J9KRzD5N+":{"chainKey":{"counter":4},"chainType":2,"messageKeys":{"1":"vQKzZEKw09Hw91YlFtSqhtxdmqzVKHuJWDfTRaYvuqQ="}},"BY5SwgSodUWjIy0BeQJbCymg6m6oLYnjh9+g6VFhQbpR":{"chainKey":{"counter":11,"key":"/RqZZRykkZk+IA5iuBLQDGDjLI5969R8FQz7RQU6L4w="},"chainType":2,"messageKeys":{}},"BT5ax6ooGXWed9G4/dGN+2aagJiWovjUe2G8a/awRvwh":{"chainKey":{"counter":0,"key":"2Rtv6stWS5HTbXKLQD8//bsLecgTG+d6Ps+KJ2kznFk="},"chainType":1,"messageKeys":{}}}},"BVuIhtNng0TAOETgZL+nHgVugTTJHKU8MTSFSTPMiHN/":{"registrationId":305156159,"currentRatchet":{"ephemeralKeyPair":{"pubKey":"BQi92BejJXynH3m5dChHCa2qQaiN6gz+0GdxwKN15aoj","privKey":"gLuNlci7V7TsLteJ5s59vBKOgKyfUiX9CQ0T0s4baWU="},"lastRemoteEphemeralKey":"BflBkRtfrh62ZhezOJ3aOueoE0yIHzTqM5XckiPDyzNx","previousCounter":0,"rootKey":"HElfdLfWHIS+zCImVmLmrgtkoVsICQp7mqcfQE58K1o="},"indexInfo":{"baseKey":"BVuIhtNng0TAOETgZL+nHgVugTTJHKU8MTSFSTPMiHN/","baseKeyType":1,"closed":-1,"used":1676962215656,"created":1676725515525,"remoteIdentityKey":"BRjJ/X3fLI0VxT2Fx6a872KRkewBqiOTc4PJroqoEoR/"},"_chains":{"BRN0XGEU2ooujbxFNhbt6xOpMltVMbc+++nA0MHXHNBA":{"chainKey":{"counter":8},"chainType":2,"messageKeys":{}},"BZut+nfLfti7wayrs9d7xP//qLoPMAJQpcp44Fq4XexO":{"chainKey":{"counter":0},"chainType":2,"messageKeys":{}},"BcU23KSDVnFKkjX1E/+G6WdOBXGjclvlx8MV1oVv6uIV":{"chainKey":{"counter":0},"chainType":2,"messageKeys":{}},"BQP4CCs7x9ARQpRkWO5GcOZhudzS3dGOFRSekilngCk3":{"chainKey":{"counter":0},"chainType":2,"messageKeys":{}},"BaDH8O7ZRjKM4SW1CaY+l8Nb0G5iotCwt0TXMjhPrNEs":{"chainKey":{"counter":0},"chainType":2,"messageKeys":{}},"BU5i8d0018dwI+2mVUh2+ImLiHcTL3v1+G/QEKgFQ7o6":{"chainKey":{"counter":0},"chainType":2,"messageKeys":{}},"BfeZ/h5RS7X1KNqZYEGl6YRNlvQn+pBR/mv9DcBa6SAQ":{"chainKey":{"counter":0},"chainType":2,"messageKeys":{}},"BYVYJS5kk7jBU/j64wkrXOKWfsj83L+DuHNrZf75k+JR":{"chainKey":{"counter":0},"chainType":2,"messageKeys":{}},"BUOge42bNGPEdmYNHBUeBUU1zRs/2pJo1IMR7uegBglX":{"chainKey":{"counter":0},"chainType":2,"messageKeys":{}},"Bcc5YhnU6K16Butsr1e0xFYgO7ykAgh3GPWfpr4Gnyc0":{"chainKey":{"counter":0},"chainType":2,"messageKeys":{}},"BTZ01EsbmuF5zdD204c0yhzI1YR4vWpVILhlc5tr3NcP":{"chainKey":{"counter":2},"chainType":2,"messageKeys":{}},"BcuNlh7VfB8luVaCQlu+G1VBHYD/lF8hHQ6PBpovqzdD":{"chainKey":{"counter":2},"chainType":2,"messageKeys":{}},"BcOBIIYyONQ4HzFZU1w/+kQWPErhlX1IkX+EtQwo2CUd":{"chainKey":{"counter":1},"chainType":2,"messageKeys":{}},"Ba8BUPYTOlMV5/RNqvVOtJZ2aCJJqaLjGu1wdlrXHR8k":{"chainKey":{"counter":6},"chainType":2,"messageKeys":{}},"BSL/UWdAAYOpYd8kL9ytBK4cU7p1W6CJ+9nGkh3Amrkk":{"chainKey":{"counter":0},"chainType":2,"messageKeys":{}},"BScT8lXSHBv0O+BhSRTcJybBF7fbstzAAxxSBv2LLRdT":{"chainKey":{"counter":1},"chainType":2,"messageKeys":{}},"BUHoo9nHDnu7qws5Qi8o53gLQ+QdYi0rzoI/R8dOekxS":{"chainKey":{"counter":2},"chainType":2,"messageKeys":{}},"BTL012UEZpMBj3lvG8iV9Uh/vkBZWGaJisRfmeF/qVcA":{"chainKey":{"counter":1},"chainType":2,"messageKeys":{}},"BfrVlFn8LHJSVw3Us9zBfaNovvoM1dziI4F1UKoA/xRa":{"chainKey":{"counter":0},"chainType":2,"messageKeys":{}},"BeuHHkj3+HfPNX8QhsGNKH+4VBnJTbUj7lNXJhNaGI1g":{"chainKey":{"counter":0},"chainType":2,"messageKeys":{}},"Bbs0Ut/XmUGgbaMV+u2KUDBH3tGawtsEICFihunNBIpt":{"chainKey":{"counter":0},"chainType":2,"messageKeys":{}},"Bdcg1HEyHnELXY3OYKhBPg93bjtcdfBOpnqMGo9/GfAi":{"chainKey":{"counter":0},"chainType":2,"messageKeys":{}},"BT38FI+JI4TA4+GOP7JeK04V3jhjN+TTRJHqZ+znOdMR":{"chainKey":{"counter":0},"chainType":2,"messageKeys":{}},"Bd/Frnq/JW0hzATV/JqQl6mSrKgBANxUwFb1DmBRgyk9":{"chainKey":{"counter":1},"chainType":2,"messageKeys":{}},"Bc8nDaZyFPqHcbscBaY0EO7C0JAwM3gKmB1H0TkQ5ul8":{"chainKey":{"counter":1},"chainType":2,"messageKeys":{}},"BQkIkF2aGjsjDsXRj5yPl94fHg+YvkX6lSrD35PZ9LI2":{"chainKey":{"counter":0},"chainType":2,"messageKeys":{}},"BVRX6/zQ1ZZSkJHCwUISl74NWwom1igPlMX38sgrqrQS":{"chainKey":{"counter":5},"chainType":2,"messageKeys":{}},"BaG60brsPVPXA2tdxc11dnzGr7vZP0j2kMsM8cB0WFJI":{"chainKey":{"counter":1},"chainType":2,"messageKeys":{}},"BVvK71tcM3nvPOcnRuKxdjh1JYL2U/8EENoeezUbm+xZ":{"chainKey":{"counter":0},"chainType":2,"messageKeys":{}},"BZCadrwkvZ7kEoGTY6n1qZ4219ToaBPQTdRp3/TaIOQY":{"chainKey":{"counter":15},"chainType":2,"messageKeys":{}},"BfHZ99xL0iX82+0B8ftv6McPu1Do1oMWmEYsuv+Y0Mpx":{"chainKey":{"counter":2},"chainType":2,"messageKeys":{}},"BVSBS3JexFz40+GWITH+0lz3bu6YcKVfA2rMzc/c56ty":{"chainKey":{"counter":2},"chainType":2,"messageKeys":{}},"BZCYMkLwGn/vQ0ABj4qvpJ79PasT9zXZ13un4gCTF3Jq":{"chainKey":{"counter":0},"chainType":2,"messageKeys":{}},"Bb/BrKKigpvCfRjb4UBy88gwpX6iypeAeK/2ynaXMtht":{"chainKey":{"counter":0},"chainType":2,"messageKeys":{}},"BXYygrW65x7TOB4TCg3gX7ByBVIrkxGMAI+YqKBDAzdx":{"chainKey":{"counter":0},"chainType":2,"messageKeys":{}},"BWJ0GM3h/xqqIw2TM1mo9SJ+xnXxxaRcpsc3hBKeqO0G":{"chainKey":{"counter":0},"chainType":2,"messageKeys":{}},"BXYQh9oVE/tGGGaNOfFXzhqE+s1OMaBHS/rF/oGQmuwF":{"chainKey":{"counter":0},"chainType":2,"messageKeys":{}},"BS5ceBrOsvxP5FLL/XLQHmyzcV6PievTc4mpI6QASjFw":{"chainKey":{"counter":0},"chainType":2,"messageKeys":{}},"BVXbI5huvYVzAAZVvRKQEqqYVuYhY0O5DLSAEXLq1wYq":{"chainKey":{"counter":0},"chainType":2,"messageKeys":{}},"BXt8M1YlIZxnJpCKf2IqL/AHFM6JDek2Fy5u0o69R/dC":{"chainKey":{"counter":0},"chainType":2,"messageKeys":{}},"BW5bQk4TrzhmJs3tVFrgTsr7LhPKZOhC+r+5AR0KSXpx":{"chainKey":{"counter":0},"chainType":2,"messageKeys":{}},"BcUUC3792pj6VvRHzJqJ67XDxyC4jagk+nS1aWTZikEh":{"chainKey":{"counter":1},"chainType":2,"messageKeys":{}},"BdPw/+IK7zO+5ZTa8gRgyEWfvVaMny4eFMn+6iMqTORw":{"chainKey":{"counter":2},"chainType":2,"messageKeys":{}},"BdxeXXS9fgPTgp+ULbxocEOgwqqQp36ZGQz6K/z/dswG":{"chainKey":{"counter":3},"chainType":2,"messageKeys":{}},"Bd49mzWY1r/o2p03cuys++uCVUow1E+UceqoRtvPz00D":{"chainKey":{"counter":1},"chainType":2,"messageKeys":{}},"Bfy+weUUN9vc3oPiRIJTThBcyfDTdeTk/MAP/A1kyCt/":{"chainKey":{"counter":0},"chainType":2,"messageKeys":{}},"BQJNUCqFGPpEMkmtsIIf+f2bZBMsjY4Ri5Vx4sUCWbUt":{"chainKey":{"counter":0},"chainType":2,"messageKeys":{}},"BUHFOu2uWkegrbuQtU0f5FaP1iSLQNHhtRABhHiEhBwj":{"chainKey":{"counter":0},"chainType":2,"messageKeys":{}},"BZKVJNxAUtGFY9DuGc6DIfqTfkNVLSzaW6Fto5o4dOs7":{"chainKey":{"counter":0},"chainType":2,"messageKeys":{}},"BfMCgHNWvm5Iw1u59r7XVWeSp7is/2gUawvgyy3jDGJo":{"chainKey":{"counter":2},"chainType":2,"messageKeys":{}},"BW4Z7DlBSUd1nuo+MrPhnB4W1/bEFW6UqgACXdvXHp4a":{"chainKey":{"counter":0},"chainType":2,"messageKeys":{}},"BYlguE+u1GXwJL+by3qVSz8eKsOXMDwOM1sNEVR+Ozs1":{"chainKey":{"counter":0},"chainType":2,"messageKeys":{}},"BfIGK9488PqPWVCzEf39DxCYKcNBRyMYqWIeS8vqmQU6":{"chainKey":{"counter":0},"chainType":2,"messageKeys":{}},"BQqdrxIDNaQDRaGdwA7EEuOJ9c5AxxdhKQ2tTV2MJntj":{"chainKey":{"counter":1},"chainType":2,"messageKeys":{}},"BZ2662O03FtNc1mQ9nmidSOLgP38vyXHhVX3ho6kiMxf":{"chainKey":{"counter":0},"chainType":2,"messageKeys":{}},"BQRlgMy8OHwrCZsPSB005vkhLskeq/esiPErR84wQcN5":{"chainKey":{"counter":0},"chainType":2,"messageKeys":{}},"BZohdPsWTEzVyJSWYbs59uDNiu86iFquJhGboUei+D8y":{"chainKey":{"counter":1},"chainType":2,"messageKeys":{}},"BXJEvTDxSYz9UY1oXEebqHApj5yICafIrnEnHsa4it4z":{"chainKey":{"counter":4},"chainType":2,"messageKeys":{}},"BUcqfanxr0ny5g+dEhuVo1UveTji13bzXOCcxIEUHNg6":{"chainKey":{"counter":0},"chainType":2,"messageKeys":{}},"BUohtR2YIKIuYzWaVNGT2wNqLXU3s411G/Zhh8EkDF0y":{"chainKey":{"counter":3},"chainType":2,"messageKeys":{}},"BRIQeLlB3AYoNqzDhiJ9pGHrY2bpxr9p5LgW1jGWMgIf":{"chainKey":{"counter":0},"chainType":2,"messageKeys":{}},"BRDr4UJ8W+v/l5RpWFe7wPOygJH6RtorsgxoCIGmWbFx":{"chainKey":{"counter":1},"chainType":2,"messageKeys":{}},"BWHxONLPBf63kT9HZ2YuJMtSqoDohxOIU7+B5/lNoyNq":{"chainKey":{"counter":1},"chainType":2,"messageKeys":{}},"BZWXFQqMpDso/5CLB5WmrCyBc0fSqK0VRj5XTK3efZ4E":{"chainKey":{"counter":0},"chainType":2,"messageKeys":{}},"BUPtEuE3eElLnJpR2VRnWzDnQa/wyHoEHnK/tBYGvjRV":{"chainKey":{"counter":0},"chainType":2,"messageKeys":{}},"BYAk99vSO4NUqG0DfRfK90XCX6437wjVMJdfpHjEzHIP":{"chainKey":{"counter":2},"chainType":2,"messageKeys":{}},"BSk2wsviJirT9Q7yqUOBDoeG1O3ls1rU/L76QfPKQa1L":{"chainKey":{"counter":3},"chainType":2,"messageKeys":{}},"BZClGriYQrGtSmxcHsLri4uORsU6uPJOSdVU7ml0vsUl":{"chainKey":{"counter":8},"chainType":2,"messageKeys":{}},"BbweNiGxF+VM4zAAQM4GC2w2rEa1SWW5/DxJOKlcH18s":{"chainKey":{"counter":0},"chainType":2,"messageKeys":{}},"BWaWr0YtrVqYZSOMiJ+rfmCSwifwoCNu3THPoP8R4D95":{"chainKey":{"counter":2},"chainType":2,"messageKeys":{}},"BfMWsIc9R+sDvNPOUfE2PD8yWcqk1BmXs0L0Oh0YWDNF":{"chainKey":{"counter":1},"chainType":2,"messageKeys":{}},"BdW7xj7MBEoaHVYFwKMye7Fi43pqdWa6n9/8t8ayMvAE":{"chainKey":{"counter":3},"chainType":2,"messageKeys":{"0":"VI/3fHRk+GQcMU9JDJ6UMCSI8l8h5Ig4AwKJwYsbHv4=","1":"rjWlhfQ+JGqwyxMdWpvW4jXh93ysLVTnjTdHA/yBf4I=","2":"fZObbwWk3yFShOES66thQxTXZKuzijTN3T9D/MgIjN0="}},"BVU8aDGo+ON+1Iq00t7LITp26ptmbSmX10cCilBiBas9":{"chainKey":{"counter":0},"chainType":2,"messageKeys":{}},"BQNsSIlpa+fI7nCrDlnrimCNpaCQWGpModQsQGnPlPVP":{"chainKey":{"counter":4},"chainType":2,"messageKeys":{}},"BeRHhOtUsdGIZ3n5fv3f0TPobza92S35YZJlXZy4VOxz":{"chainKey":{"counter":0},"chainType":2,"messageKeys":{}},"BUr39uIh2tVLcCKRnUyZUUCFfjYTml7x0NZTwt0q/voy":{"chainKey":{"counter":0},"chainType":2,"messageKeys":{}},"BQtWLKa3OOZqfiyGXx2bYxpOPr6DnphOHhsCnklRD9lD":{"chainKey":{"counter":4},"chainType":2,"messageKeys":{}},"Bc1S6xLn3SKBTMOKjFyy/2jsHFyf3go3deKVDvtcofIR":{"chainKey":{"counter":0},"chainType":2,"messageKeys":{}},"BR6L0eAuarOHyAbMbjsfbkWmNMN4ZPBZXOSu/Kgx600q":{"chainKey":{"counter":2},"chainType":2,"messageKeys":{}},"BeafxpQPisCge4PFyE+sK9+Q1JUAtG52IYXmlwoNMhwp":{"chainKey":{"counter":0},"chainType":2,"messageKeys":{}},"BXkrjWLS0Xfh4vPx8eQ6T9H8LhgnLu6vkT+XXFpNeMQr":{"chainKey":{"counter":2},"chainType":2,"messageKeys":{}},"BSmX7Z88hRPHzuLKaR1++vcD9FpdNZoL5ltYFBolcoxr":{"chainKey":{"counter":0},"chainType":2,"messageKeys":{}},"BSXg4AC+vFUuOEDekNP1IHnGbGdMjlEWoi2N8btPHOA7":{"chainKey":{"counter":1},"chainType":2,"messageKeys":{}},"BR7I5YzDTRurdtdHBfNWLQBta1PU9gCawTuw3UpB88ZT":{"chainKey":{"counter":6},"chainType":2,"messageKeys":{}},"Bb2IEfnSkPK5YDcgc7diYjlpOGPqjU0Fh8PsNeIvvhYZ":{"chainKey":{"counter":3},"chainType":2,"messageKeys":{}},"BflBkRtfrh62ZhezOJ3aOueoE0yIHzTqM5XckiPDyzNx":{"chainKey":{"counter":1,"key":"O2XdXsKg0NuCGYwWkhze1ZCr53iWz5QPcwhvBz8R0VY="},"chainType":2,"messageKeys":{}},"BQi92BejJXynH3m5dChHCa2qQaiN6gz+0GdxwKN15aoj":{"chainKey":{"counter":0,"key":"ZNTtNZ54d00K+vGNQJ+isrE7rwnS8u3/l5dMl6xx0Kc="},"chainType":1,"messageKeys":{}}}}},"version":"v1"}