{"_sessions":{"BW56t9HjBHdQPajXrXdgWtQfFTxvjbw4hZFxGW+UYKIU":{"registrationId":1678,"currentRatchet":{"ephemeralKeyPair":{"pubKey":"BVxpPvwmDNh6grgZ2kfQxwgY92xlrDP0rI/vpU/ZFbdW","privKey":"aI1oNdEwqUi86VSITWXxq1vR3QfZBcEbEeW2+8kpAlo="},"lastRemoteEphemeralKey":"BVEyqaX+xnm/sfYuFYaCvdILVuZL6N/bDgdhfnqXtDNc","previousCounter":0,"rootKey":"72V1q9nOT8F7nui/XqOTjIQSQd9ipuH/zc4OaoRxMmM="},"indexInfo":{"baseKey":"BW56t9HjBHdQPajXrXdgWtQfFTxvjbw4hZFxGW+UYKIU","baseKeyType":2,"closed":-1,"used":1676722685872,"created":1676722685872,"remoteIdentityKey":"Bfc9e0eu11ov3JlB9jr6ylGw/NkSg6eE8yqzU17jXVYx"},"_chains":{"BVEyqaX+xnm/sfYuFYaCvdILVuZL6N/bDgdhfnqXtDNc":{"chainKey":{"counter":0,"key":"it+N/1pSnbbZKyi18InU1FjGOls6PnDMkHv+7+mAzxg="},"chainType":2,"messageKeys":{}},"BVxpPvwmDNh6grgZ2kfQxwgY92xlrDP0rI/vpU/ZFbdW":{"chainKey":{"counter":0,"key":"7h69KXwy5t+SE/p5367n5FDbjICtzD+QbSKRBKN+jVY="},"chainType":1,"messageKeys":{}}}}},"version":"v1"}