{"_sessions":{"BejAmxAs9e4HcJICxvJRLQlLB8Hg7uUZDhjbuutVuHYE":{"registrationId":471008636,"currentRatchet":{"ephemeralKeyPair":{"pubKey":"BS97sjzCX59KjbPLf6ZLCV4AhsF0w/gaEDlYP7nu9Kk2","privKey":"qJup7YWClnp8WiXRgTqLPFlm8d9ih8ELRXpHnc9WUHg="},"lastRemoteEphemeralKey":"BXxoW381JMdAWEVoRfXVCdt/kDxA0q1LcZPoHTAW9rJC","previousCounter":0,"rootKey":"iLWzQCsXYjVAz+ykCtmnSStP9P3u9SqCJO+a2Odw5vg="},"indexInfo":{"baseKey":"BejAmxAs9e4HcJICxvJRLQlLB8Hg7uUZDhjbuutVuHYE","baseKeyType":1,"closed":-1,"used":1676725513417,"created":1676725513417,"remoteIdentityKey":"BdZ9Rcpj3prt0Jq7G3RF2jsjfR1XbStVvSr5WawMgBwv"},"_chains":{"BS97sjzCX59KjbPLf6ZLCV4AhsF0w/gaEDlYP7nu9Kk2":{"chainKey":{"counter":0,"key":"qkvUXMF8zXYR151Hycj7U1q4yhpbcq4A4GpeRFZduEo="},"chainType":1,"messageKeys":{}}},"pendingPreKey":{"signedKeyId":6,"baseKey":"BejAmxAs9e4HcJICxvJRLQlLB8Hg7uUZDhjbuutVuHYE","preKeyId":2064289}}},"version":"v1"}