{"_sessions":{"BfbrN1z0UehRIxxU9b2AVPgmKQmnbRWFSsJMflYkc8h+":{"registrationId":614721405,"currentRatchet":{"ephemeralKeyPair":{"pubKey":"Bf3wK2HCTPqAwu44tLA3+g4FbOhzhxyRtCxX2TWmqldh","privKey":"aKSVia+Zl+mIs0Tj6wnE6YGu6cdvbT4IRVv2fFxI03g="},"lastRemoteEphemeralKey":"BYHlH14kjUtmbrNG9wT269fsbB2jvnU3HbOxWivjyAY4","previousCounter":0,"rootKey":"Iuz0HulMV9x8HjP8PWRXC1kdVmRqLr5AKV//m4S6+3w="},"indexInfo":{"baseKey":"BfbrN1z0UehRIxxU9b2AVPgmKQmnbRWFSsJMflYkc8h+","baseKeyType":2,"closed":-1,"used":1676296816469,"created":1676296816469,"remoteIdentityKey":"BTHIQGEoxecJmXU7GVlAKx4BfTWhjhdM9zk7u9RHFERs"},"_chains":{"BYHlH14kjUtmbrNG9wT269fsbB2jvnU3HbOxWivjyAY4":{"chainKey":{"counter":0,"key":"oKsBcB9gQO+rFw/w1TGP5f/K9gfjwanE8wLqK184hds="},"chainType":2,"messageKeys":{}},"Bf3wK2HCTPqAwu44tLA3+g4FbOhzhxyRtCxX2TWmqldh":{"chainKey":{"counter":-1,"key":"yRGAF+6lhQnt337s3hhcdA3QlvBga6mTLrn5cLaf7rg="},"chainType":1,"messageKeys":{}}}}},"version":"v1"}