{"_sessions":{"BX1fcMwtqQVXpdIWQDF0/2taj8DeF0ViEmgLpKEXB/kz":{"registrationId":513528887,"currentRatchet":{"ephemeralKeyPair":{"pubKey":"BQYYLnmPqVgDp5mdzJQfzcXC/r+ENQ8M40eDMmqU4E4b","privKey":"EP+rXNsIygpODLxhhkO4XCfdlnKkvZ56qXRojKL7dWw="},"lastRemoteEphemeralKey":"BQCr//fybUSorSIhCYilwsw6XIyDsDkFqIhnAdKxdqwP","previousCounter":0,"rootKey":"8tKUipQeZy6pyDTjGMUjLeWWhPTnDEfBpVoHmA1F10U="},"indexInfo":{"baseKey":"BX1fcMwtqQVXpdIWQDF0/2taj8DeF0ViEmgLpKEXB/kz","baseKeyType":2,"closed":-1,"used":1676251738512,"created":1676251738512,"remoteIdentityKey":"BaEerSAWcx1Zk7fKlNwkYjZl+sOF0ahj3Wsl42TJmmQ5"},"_chains":{"BQCr//fybUSorSIhCYilwsw6XIyDsDkFqIhnAdKxdqwP":{"chainKey":{"counter":0,"key":"rDQxon2UCiZOeK9JORRV/pE20+arPL4msGcgz+6iUNA="},"chainType":2,"messageKeys":{}},"BQYYLnmPqVgDp5mdzJQfzcXC/r+ENQ8M40eDMmqU4E4b":{"chainKey":{"counter":-1,"key":"Jt797kZwiKqzxpo46V6wOY0RLWYQsaHpx7BT1TQ/MSg="},"chainType":1,"messageKeys":{}}}}},"version":"v1"}