{"_sessions":{"Bakh3d8otNbrS7xyqeXvHV6/F0jMX0EEHqZfwd2x9Jxk":{"registrationId":811344585,"currentRatchet":{"ephemeralKeyPair":{"pubKey":"BaDm8xh054TCfm/oz9Ti3F1mBN2TeML5Hkqj+vptn4NL","privKey":"IFrKH7BEktTuAnDHYi+lLYFhAsl23sYC2iGdllvYo1o="},"lastRemoteEphemeralKey":"BeeHzPT6MGDR/H9w6afafcKDVd+NfXz5BFeUCxeCEBxG","previousCounter":0,"rootKey":"GD/XM45wiprvzhCQ8HFXZLDSMieD9DEc6E/eprRfS4w="},"indexInfo":{"baseKey":"Bakh3d8otNbrS7xyqeXvHV6/F0jMX0EEHqZfwd2x9Jxk","baseKeyType":1,"closed":-1,"used":1676725513398,"created":1676725513398,"remoteIdentityKey":"Bf9GiHEg2sMRQQhK4TevBgQdwFkupmVRxtJFtej0TdN9"},"_chains":{"BaDm8xh054TCfm/oz9Ti3F1mBN2TeML5Hkqj+vptn4NL":{"chainKey":{"counter":0,"key":"u096Y69iagV/t0D2N93d7EwjJGLi1g7rSn7FdPAyHSI="},"chainType":1,"messageKeys":{}}},"pendingPreKey":{"signedKeyId":1,"baseKey":"Bakh3d8otNbrS7xyqeXvHV6/F0jMX0EEHqZfwd2x9Jxk","preKeyId":3321402}}},"version":"v1"}