{"_sessions":{"BYWDm9o/En/ZIsr2n7ZTEpPV05ynhP/XnVouColZDigA":{"registrationId":11,"currentRatchet":{"ephemeralKeyPair":{"pubKey":"BYhZ24I1P1UpVu98LFDX8CdVppNpn/riMSZ+CLYwdD83","privKey":"sD+eZM9wizeAqgvrjyakhPLJX1dMcuDHeluch0vUj1Y="},"lastRemoteEphemeralKey":"BYN78oprf9a5ZzOPQu4vFZrBWNpDKpTte5O8WexO2F1R","previousCounter":0,"rootKey":"N+a3m7Vh5A6Ec7FyXHQsO/f0+fSRzIOraOS6vNouM+M="},"indexInfo":{"baseKey":"BYWDm9o/En/ZIsr2n7ZTEpPV05ynhP/XnVouColZDigA","baseKeyType":1,"closed":-1,"used":1676252662594,"created":1676252662594,"remoteIdentityKey":"BRKdo5kTdCA/P17tbANyrkkIYaCslEI0mNBGiVWd+gBs"},"_chains":{"BYhZ24I1P1UpVu98LFDX8CdVppNpn/riMSZ+CLYwdD83":{"chainKey":{"counter":0,"key":"qKPvN1o9UDfGt3VqTxQhuUlrQWwToVZtB9AZiewJoJE="},"chainType":1,"messageKeys":{}}},"pendingPreKey":{"signedKeyId":1,"baseKey":"BYWDm9o/En/ZIsr2n7ZTEpPV05ynhP/XnVouColZDigA"}}},"version":"v1"}