{"_sessions":{"BS2SpOcAhwesPERibtswmOmr+wXyLIUxdQnCAYRYI+ll":{"registrationId":1642983792,"currentRatchet":{"ephemeralKeyPair":{"pubKey":"Bfq5IpYo9SxKZLl1P4M8iTwy/TlRM/K2frPzpR+xkhcy","privKey":"8BK2IGRLC8170l7epxdjue3d3LEz1W37putGl78e0mA="},"lastRemoteEphemeralKey":"Bci/JNXkGK/rrkZj1nuegIpm/EfU4V+gn4o6F2Oarctm","previousCounter":0,"rootKey":"IK1B14LlKWCdSks8OrxqXoJo9RgrQWJ5h/mVru9kMuw="},"indexInfo":{"baseKey":"BS2SpOcAhwesPERibtswmOmr+wXyLIUxdQnCAYRYI+ll","baseKeyType":2,"closed":-1,"used":1676762705723,"created":1676762705723,"remoteIdentityKey":"BXqDYxZJb5zVInBzHqSxZAmu7Wr8OdQHWg1V6RTFhJd4"},"_chains":{"Bci/JNXkGK/rrkZj1nuegIpm/EfU4V+gn4o6F2Oarctm":{"chainKey":{"counter":1,"key":"AiX9LGwaRpbzYr8NbDOFMGwP0qZWjt1pSUJicMbvWCw="},"chainType":2,"messageKeys":{}},"Bfq5IpYo9SxKZLl1P4M8iTwy/TlRM/K2frPzpR+xkhcy":{"chainKey":{"counter":-1,"key":"iE/J8YC5ygxVAH0d/NNqnjkvyQiyai6pMO9i3cYSniU="},"chainType":1,"messageKeys":{}}}}},"version":"v1"}