{"_sessions":{"Bfq+CLDx5BhIBbBKsw08RBzXQPbj6gCjlCSaOV/S+TI2":{"registrationId":1199961870,"currentRatchet":{"ephemeralKeyPair":{"pubKey":"BZBWb3nPJlCdfO+G3LTXzCJtPpk03T0kR7o+aRCUbx5I","privKey":"iONbsjiYldZ0UhjDZruKHZurbhQ8wFryOw6Ixf1bVlk="},"lastRemoteEphemeralKey":"BWcnUt2U8JjVK/wqZ+3290PJBdy4FRX5lP6x4VUpH59w","previousCounter":0,"rootKey":"SQr3/h7fF7mYkMguLRDTk+OUu8vVWi3eovGHeJffyCc="},"indexInfo":{"baseKey":"Bfq+CLDx5BhIBbBKsw08RBzXQPbj6gCjlCSaOV/S+TI2","baseKeyType":2,"closed":-1,"used":1676272731929,"created":1676272731929,"remoteIdentityKey":"BUj7/jtz3l9Z0QVXWlWrKo1v9rIsQbHUVW1M4fY3f9Qx"},"_chains":{"BWcnUt2U8JjVK/wqZ+3290PJBdy4FRX5lP6x4VUpH59w":{"chainKey":{"counter":0,"key":"TQcWeU4E7NegvMRwQPHPoPZhIocgcw5xUgb5m9+mym8="},"chainType":2,"messageKeys":{}},"BZBWb3nPJlCdfO+G3LTXzCJtPpk03T0kR7o+aRCUbx5I":{"chainKey":{"counter":-1,"key":"3dOBtgp9QY4+HoxBCNlV4n+9HC7UWzMxq8Ox06jdNro="},"chainType":1,"messageKeys":{}}}}},"version":"v1"}