{"_sessions":{"BZcZkhBLI76w2FDqI6i9qz/ZyJ8yw7yUtulXrJ877Idx":{"registrationId":1476843873,"currentRatchet":{"ephemeralKeyPair":{"pubKey":"BUW2adUnLx7vDwDT4K5gcPsu/IPxJZez0QVD88sPaGIj","privKey":"UL63c2EuJ2tzj+/nn7eZGaQzk7T6elAbUhsygJlt0Vg="},"lastRemoteEphemeralKey":"BYlhF+GQCEcPllLExIjhHbpCgyQxBohKvO/9SmKBFutr","previousCounter":0,"rootKey":"8/ET4ItTUfDXetv2LxccABwvWeDMbD/dF4jU7qTvYoM="},"indexInfo":{"baseKey":"BZcZkhBLI76w2FDqI6i9qz/ZyJ8yw7yUtulXrJ877Idx","baseKeyType":1,"closed":-1,"used":1676884798613,"created":1676725513456,"remoteIdentityKey":"BYAzHKNtbiNcqfOja7tt57UD0Vbg5UQ5MTs56gfR9zor"},"_chains":{"BYlhF+GQCEcPllLExIjhHbpCgyQxBohKvO/9SmKBFutr":{"chainKey":{"counter":0,"key":"ta1CIlMTRJ1AC1Gqu6ft2YeMy4mAeKd0paV43wOfpMM="},"chainType":2,"messageKeys":{}},"BUW2adUnLx7vDwDT4K5gcPsu/IPxJZez0QVD88sPaGIj":{"chainKey":{"counter":-1,"key":"JtmpcXUAHf7ZuXNrDBz+Xk00RVd0OKqrU7mELjONeug="},"chainType":1,"messageKeys":{}}}}},"version":"v1"}