{"_sessions":{"Bf+rVhWj5PF0Csuli72GI3//SoCgfnqyw6ZDlz5yxF8K":{"registrationId":2224,"currentRatchet":{"ephemeralKeyPair":{"pubKey":"BdJsU1Bgw6CP1FSLB16JM4EacNOMQesMWSATHy2Xqule","privKey":"iGDKAvbvjZE+nTHHvNYjaTb9Ip9YY8601PINa40X1G8="},"lastRemoteEphemeralKey":"BSpieFMLbOED6ai977iKPfaf61Xu0m9vBZ6AhBCtVIsD","previousCounter":0,"rootKey":"Xy3/NKu6Fa1n/fjola0c+X9wDifWRREKC/Xuu+trJrE="},"indexInfo":{"baseKey":"Bf+rVhWj5PF0Csuli72GI3//SoCgfnqyw6ZDlz5yxF8K","baseKeyType":1,"closed":-1,"used":1676252662589,"created":1676252662589,"remoteIdentityKey":"BXDx/Q0qvyC9Zb4bCeIN+KQ2eWYodLbBcQO7GhoxX9hp"},"_chains":{"BdJsU1Bgw6CP1FSLB16JM4EacNOMQesMWSATHy2Xqule":{"chainKey":{"counter":0,"key":"mmduR6dKSU+Bu2V3v6MJIw96ZpOfQPVW5SsaGBkKiL4="},"chainType":1,"messageKeys":{}}},"pendingPreKey":{"signedKeyId":1,"baseKey":"Bf+rVhWj5PF0Csuli72GI3//SoCgfnqyw6ZDlz5yxF8K"}}},"version":"v1"}