{"_sessions":{"BYhG6RBsELX5p9sDgHUj2zCvUjJfSgwQ06/ScrPcH/5u":{"registrationId":5104,"currentRatchet":{"ephemeralKeyPair":{"pubKey":"BYul5lWn589Y7cBkYjFg+WqBh2nTsWqWcTQ3BXlO5WU1","privKey":"OBaw2ODL3R5Fty1PGb98HrgiGsb3RPwgwPJfSoaD/GA="},"lastRemoteEphemeralKey":"BWYodCqVEVkrI9Nq8NmUNf9rIN1ztvSLn29OE9LYErVL","previousCounter":0,"rootKey":"x0AUvzr/bn0KVxNgh9XoU8e8kfsXzAZyRhKt82VmkXw="},"indexInfo":{"baseKey":"BYhG6RBsELX5p9sDgHUj2zCvUjJfSgwQ06/ScrPcH/5u","baseKeyType":1,"closed":-1,"used":1676725513408,"created":1676725513408,"remoteIdentityKey":"BSbUcIlLYr0ztXarO/MB0Bh65v4Tn1MdfIZmgYujf2Q8"},"_chains":{"BYul5lWn589Y7cBkYjFg+WqBh2nTsWqWcTQ3BXlO5WU1":{"chainKey":{"counter":0,"key":"72Whg4fgri7fpVHqov0E5ytWtmIlO3qQusMUhaU3tFA="},"chainType":1,"messageKeys":{}}},"pendingPreKey":{"signedKeyId":1,"baseKey":"BYhG6RBsELX5p9sDgHUj2zCvUjJfSgwQ06/ScrPcH/5u","preKeyId":705}}},"version":"v1"}