{"_sessions":{"BSgnzbsxQUIzarDHlGpuRVQOC1nHF2ctF3I3QQy1gaxS":{"registrationId":1331785330,"currentRatchet":{"ephemeralKeyPair":{"pubKey":"BQlMj4XAwd//6Dnqg24OKPLawb68QVVWnQavjsyKnWNb","privKey":"EOxBhm6PmQJBwb4AdTvFgIhSkMUXVmp5c1KdLEERrEI="},"lastRemoteEphemeralKey":"BT6uw7909aZgdmXQClD2uOTx18xfple0YaTOE+FGvY8v","previousCounter":0,"rootKey":"TXH1V/HD7ZdjYmZprlYRT4KyAQgPm8Zo4e8S9Z0YnJA="},"indexInfo":{"baseKey":"BSgnzbsxQUIzarDHlGpuRVQOC1nHF2ctF3I3QQy1gaxS","baseKeyType":2,"closed":-1,"used":1676278522592,"created":1676278522592,"remoteIdentityKey":"BXLUWnMq5faUK6QcXG+Hfb2M2E19qCJ2+9YOC3NnI5he"},"_chains":{"BT6uw7909aZgdmXQClD2uOTx18xfple0YaTOE+FGvY8v":{"chainKey":{"counter":0,"key":"MotDnTN8Pojkv1X9Tsx5T0544wxRYZrM+nZtFlT924g="},"chainType":2,"messageKeys":{}},"BQlMj4XAwd//6Dnqg24OKPLawb68QVVWnQavjsyKnWNb":{"chainKey":{"counter":-1,"key":"lXasCOtAMJFUABMrsp42LMCwwgnuPWn3dCQUlaAedaU="},"chainType":1,"messageKeys":{}}}}},"version":"v1"}