{"_sessions":{"BXn4f0vHhKebx9z5hnPtg3HJ4+wkSTxa+jjtOYN75jZx":{"registrationId":5502,"currentRatchet":{"ephemeralKeyPair":{"pubKey":"BR0z/AxoWY4DPBjRRsgg7/icyiHHyCPX0+hcveVbLGlr","privKey":"6NOEUiv2jP/s3onyBqPPoDtz0pURWCayyRqixg3CuUI="},"lastRemoteEphemeralKey":"BVqVBTCSOVTbzSK0b3iOZMolvkc50bJoCYUYriGAMEMn","previousCounter":0,"rootKey":"ypS/ChDzUbb9tOBCQHF/ybpnJBOWlTvoriSJFMoIdqI="},"indexInfo":{"baseKey":"BXn4f0vHhKebx9z5hnPtg3HJ4+wkSTxa+jjtOYN75jZx","baseKeyType":1,"closed":-1,"used":1676725513385,"created":1676725513385,"remoteIdentityKey":"BeufrTgZlEsOxHjjJvcBg50CQ9CY3iQEqlmvh8hf+tc3"},"_chains":{"BR0z/AxoWY4DPBjRRsgg7/icyiHHyCPX0+hcveVbLGlr":{"chainKey":{"counter":0,"key":"e6Zd80YhSwYfFVMad+zRoj2Doqhxb5N4m9Nm+X6xOdc="},"chainType":1,"messageKeys":{}}},"pendingPreKey":{"signedKeyId":3,"baseKey":"BXn4f0vHhKebx9z5hnPtg3HJ4+wkSTxa+jjtOYN75jZx","preKeyId":1506}}},"version":"v1"}