{"_sessions":{"BdTynEpch15uMCS8hEijF7fJy15iQI0qQt31jPIdsi1H":{"registrationId":1743312183,"currentRatchet":{"ephemeralKeyPair":{"pubKey":"BR5FHHz7hznvFHOGtSNYURY2FcyRfjF618F4IpgHr9FP","privKey":"KF9LVbYQ2s7ylEBRyRy7G+XoOaih+nTFejHToZYYIH4="},"lastRemoteEphemeralKey":"BSChp62Pl4W4B22t1yTZSQ873Co1GawZaxECmsp0dy8R","previousCounter":0,"rootKey":"cW1+lmn9/1cJsPOtAiNCMpbWcYVNyCm/M/NIHp1iwd4="},"indexInfo":{"baseKey":"BdTynEpch15uMCS8hEijF7fJy15iQI0qQt31jPIdsi1H","baseKeyType":1,"closed":-1,"used":1676725513458,"created":1676725513458,"remoteIdentityKey":"BbbPJHthKmAu8jU4aXj9yg7ZsSnXmziTvJxqNqarXVdk"},"_chains":{"BR5FHHz7hznvFHOGtSNYURY2FcyRfjF618F4IpgHr9FP":{"chainKey":{"counter":0,"key":"t34lNIyEmLOfBfE/B+Vk13O0dyPWWAfd4TZt7veYMIw="},"chainType":1,"messageKeys":{}}},"pendingPreKey":{"signedKeyId":1,"baseKey":"BdTynEpch15uMCS8hEijF7fJy15iQI0qQt31jPIdsi1H","preKeyId":4850134}}},"version":"v1"}