{"_sessions":{"Bds3f8jXP8/uoLF+lYJ4NaHWtWv6AbxF6cqFQNDePGJW":{"registrationId":1752011231,"currentRatchet":{"ephemeralKeyPair":{"pubKey":"BfltB2S5rDNIl/j0J/l1fHZX9SILbzK3UNcTI/VivhI2","privKey":"6HnjwTfAdZHgE9HQnUtf5yC1KS7dEeTpt7NfyotGiU0="},"lastRemoteEphemeralKey":"BavlskGVfdkxozK+LCxT0xggHJ21BPVzw19+Wv3OzQJb","previousCounter":0,"rootKey":"WK4yJbDgc0Ef76Yi/B5+Ka3npy4CjPWKrlddnEWKtTA="},"indexInfo":{"baseKey":"Bds3f8jXP8/uoLF+lYJ4NaHWtWv6AbxF6cqFQNDePGJW","baseKeyType":2,"closed":-1,"used":1676885843445,"created":1676710739415,"remoteIdentityKey":"BUujhFLb7rhl0FYeNkFQONOlX2ZS/VX8NDEk71d2kLh7"},"_chains":{"BfPRAlNiJLL/ytnyhS7PkxUw94ldrBBESZyeyzCewKo2":{"chainKey":{"counter":1},"chainType":2,"messageKeys":{}},"BavlskGVfdkxozK+LCxT0xggHJ21BPVzw19+Wv3OzQJb":{"chainKey":{"counter":0,"key":"5wL5Es2dtewcZyVVR+rnS61W40yM23H7OKLIVTSnxiI="},"chainType":2,"messageKeys":{}},"BfltB2S5rDNIl/j0J/l1fHZX9SILbzK3UNcTI/VivhI2":{"chainKey":{"counter":-1,"key":"99SU68ODpWnXX07x09zSOE0SDMYrVLr5A+pAk0zzihg="},"chainType":1,"messageKeys":{}}}}},"version":"v1"}