{"_sessions":{"Bef4sRzHCWLDEgw5ZKbeaBps5YSqzdu7QfJGItiHv45A":{"registrationId":392984127,"currentRatchet":{"ephemeralKeyPair":{"pubKey":"BXkZsOUTxZWjQsv0jQOLQqfcv/Lc5FQu2Hbn3LSAa8l4","privKey":"WAlC7RbAv1AZdJeb+nhGC4dJrH/GWcfUBzlVcqHLmFo="},"lastRemoteEphemeralKey":"Be+m60w/FnimYp9MnsPF6NUWH771p94L9UZZG9CY0x9m","previousCounter":0,"rootKey":"TIbjjyBIzKeh0RsTE4GJdnqRJOI2hm60l/Cem4lM/tA="},"indexInfo":{"baseKey":"Bef4sRzHCWLDEgw5ZKbeaBps5YSqzdu7QfJGItiHv45A","baseKeyType":1,"closed":-1,"used":1676725513425,"created":1676725513425,"remoteIdentityKey":"BWxHrwJ2ijiCnp4MUuo7ZJcM/5XjAppE/Dz8hFng+fAi"},"_chains":{"BXkZsOUTxZWjQsv0jQOLQqfcv/Lc5FQu2Hbn3LSAa8l4":{"chainKey":{"counter":0,"key":"xlctuQU5AsO7yb7iqLxvwrw/msr+a222hIxFaLO/HAM="},"chainType":1,"messageKeys":{}}},"pendingPreKey":{"signedKeyId":20,"baseKey":"Bef4sRzHCWLDEgw5ZKbeaBps5YSqzdu7QfJGItiHv45A","preKeyId":6570440}}},"version":"v1"}