{"_sessions":{"BYISIWe79h8cAQn3bkvu/9C5YbQg5GqGFlSQddahR69E":{"registrationId":1517657071,"currentRatchet":{"ephemeralKeyPair":{"pubKey":"BXB4E781+rlA3cjefK39KAByOYswcCvWb8ulbKpB+IUg","privKey":"KC1VTo/IEUPvaq3JpM/Yb7LdcV4zRUyJtUfEQ4iYBEM="},"lastRemoteEphemeralKey":"BZ4ilsRLe0eu+JZXKohdNub93vkOvq/cxIgpNAAPobEC","previousCounter":0,"rootKey":"9Hocwns8if50cqe7k7iu2DONlgj6zVPIPurrTYXX2ZM="},"indexInfo":{"baseKey":"BYISIWe79h8cAQn3bkvu/9C5YbQg5GqGFlSQddahR69E","baseKeyType":1,"closed":-1,"used":1676725513412,"created":1676725513412,"remoteIdentityKey":"BaY3sFGzzDVtYOkZiWsBHre8nnuZ3k4SZ+HzoR/1UidH"},"_chains":{"BXB4E781+rlA3cjefK39KAByOYswcCvWb8ulbKpB+IUg":{"chainKey":{"counter":0,"key":"Hh4T2t0hELkQq0NlcKSJI7LcGKW92CGVx+V+ckqt4lk="},"chainType":1,"messageKeys":{}}},"pendingPreKey":{"signedKeyId":2,"baseKey":"BYISIWe79h8cAQn3bkvu/9C5YbQg5GqGFlSQddahR69E","preKeyId":2086126}}},"version":"v1"}