{"_sessions":{"BWDXBRk+0Jc9FiSrH5A1YP6CG04k5fpuLYxrFZ8MsMAV":{"registrationId":2085434943,"currentRatchet":{"ephemeralKeyPair":{"pubKey":"BbE0d+3iNNnba/wtIxxfZ6g+1AfMK1NRIiLs55sqwKZQ","privKey":"GOZPwDZNyaRpLYlw9iB1+GfR3QvxLWwZ7Z0bVF4EPV0="},"lastRemoteEphemeralKey":"BQ+BX7FeONLczDpQjqf9SvGUKJtWbWRHGySHJcd0aSIv","previousCounter":0,"rootKey":"fw6bT6WDDtTKLUko6InAAjIqg/+02/GvbM2hDrJ2lIo="},"indexInfo":{"baseKey":"BWDXBRk+0Jc9FiSrH5A1YP6CG04k5fpuLYxrFZ8MsMAV","baseKeyType":2,"closed":-1,"used":1676962058926,"created":1676962058926,"remoteIdentityKey":"BdtCkBURm9aicVulYu5CAu92Ep6G9cCFsLX/dr5mxmxw"},"_chains":{"BQ+BX7FeONLczDpQjqf9SvGUKJtWbWRHGySHJcd0aSIv":{"chainKey":{"counter":0,"key":"X1KZUue7DF1mtsg+Pt0UA6qKnbOsGvO+wtuk4BAJUio="},"chainType":2,"messageKeys":{}},"BbE0d+3iNNnba/wtIxxfZ6g+1AfMK1NRIiLs55sqwKZQ":{"chainKey":{"counter":-1,"key":"uTlRGwjRNje6du2zvRbw80MAGPqnj8cVJaiQIF7+ysI="},"chainType":1,"messageKeys":{}}}}},"version":"v1"}