{"_sessions":{"BQPFbdfByaoKtz/J9RotuI92FHDo64CvTdTl3k9DhFQU":{"registrationId":6042,"currentRatchet":{"ephemeralKeyPair":{"pubKey":"BXGv1Ai6NOlr5mF0T7veWEhR286FUtojzkwz5d381P4P","privKey":"OBp/JGqYXlVRirKIQ4BNVL46Bxv/oZcJJSEdIh0thXA="},"lastRemoteEphemeralKey":"BUo2AkKmWuaxP6DIdiYBgPqp1w09ej65TyyMRfRYwpBC","previousCounter":0,"rootKey":"CfgKWJqNk/e51vUFDaORF+m7j2n//QZGdts69+alk+c="},"indexInfo":{"baseKey":"BQPFbdfByaoKtz/J9RotuI92FHDo64CvTdTl3k9DhFQU","baseKeyType":1,"closed":-1,"used":1676725513409,"created":1676725513409,"remoteIdentityKey":"BdW3qb/QdEdowbbW2uaq/wADSafaDK9ZLrHfffXC4t0R"},"_chains":{"BXGv1Ai6NOlr5mF0T7veWEhR286FUtojzkwz5d381P4P":{"chainKey":{"counter":0,"key":"oqKi44xEHjXxHXd7Pgpw4fCi5Apx9vzWBqFgTqij0Gk="},"chainType":1,"messageKeys":{}}},"pendingPreKey":{"signedKeyId":1,"baseKey":"BQPFbdfByaoKtz/J9RotuI92FHDo64CvTdTl3k9DhFQU"}}},"version":"v1"}