{"_sessions":{"BQu7aQTPN/GMDKsnJIknUkNAyfwNg7MrHA32GwAftwNr":{"registrationId":80200029,"currentRatchet":{"ephemeralKeyPair":{"pubKey":"BStR4RvLUxJ7uCaz0pq7sYjGJwWT2vEbBznyEVSDI5pM","privKey":"AFZfja9ggN4AyBo1Q93RcmrV0eTK21T2DozI/JkDJlI="},"lastRemoteEphemeralKey":"BecVwr7pSp5LkzO132Q4/BWLNSsS54r9qBTWHmu6o+Ft","previousCounter":0,"rootKey":"KM5IRq/U87+5F6NlJE3ouTs60IBIXui7WFv72QhbB+M="},"indexInfo":{"baseKey":"BQu7aQTPN/GMDKsnJIknUkNAyfwNg7MrHA32GwAftwNr","baseKeyType":1,"closed":-1,"used":1676725513426,"created":1676725513426,"remoteIdentityKey":"BQM+nfqJE+G9jPXEXsmusih3+evMVWHEf8NhvpsoBfkU"},"_chains":{"BStR4RvLUxJ7uCaz0pq7sYjGJwWT2vEbBznyEVSDI5pM":{"chainKey":{"counter":0,"key":"YmZHI22tZzz3RjtAF0bh3oTftQ9NE6rgzaqeJPwgmoM="},"chainType":1,"messageKeys":{}}},"pendingPreKey":{"signedKeyId":2,"baseKey":"BQu7aQTPN/GMDKsnJIknUkNAyfwNg7MrHA32GwAftwNr","preKeyId":16680845}}},"version":"v1"}