{"_sessions":{"BcTT5awUMc2/YfL6zi2hxHMrSAkHRu+3yqZgJyNFSPh+":{"registrationId":193,"currentRatchet":{"ephemeralKeyPair":{"pubKey":"BVyyelUo79YF7I53g/RJX0ll/9AteCA5+KuQRYJ2lUEF","privKey":"SLS2LmrvBAcCrlv46JE0LAAkeJlb6Rqci+tAZJb+kXs="},"lastRemoteEphemeralKey":"BSRD8paiwH5JWCUPAgqShCBcJEw6sPpw5tScC2YYt5tQ","previousCounter":0,"rootKey":"0PJ8Cleo/l4c1CE7CDPEHGypYGxpDWxIcT24OOJlZcU="},"indexInfo":{"baseKey":"BcTT5awUMc2/YfL6zi2hxHMrSAkHRu+3yqZgJyNFSPh+","baseKeyType":1,"closed":-1,"used":1676725513388,"created":1676725513388,"remoteIdentityKey":"BbM1g6+/wcNLUqMoGOTYHV60ZtOPx1IYePuFX/IiyxsR"},"_chains":{"BVyyelUo79YF7I53g/RJX0ll/9AteCA5+KuQRYJ2lUEF":{"chainKey":{"counter":0,"key":"1qhEbnX1YlW3BvSacbCox2g8F0XM+6ol8nw9lN3Zhpc="},"chainType":1,"messageKeys":{}}},"pendingPreKey":{"signedKeyId":1,"baseKey":"BcTT5awUMc2/YfL6zi2hxHMrSAkHRu+3yqZgJyNFSPh+"}}},"version":"v1"}