{"_sessions":{"BZ6+dTmrFLRMzwVS4ek/3LXH5biwJwhZ3CuRlYD7mw0I":{"registrationId":1678458503,"currentRatchet":{"ephemeralKeyPair":{"pubKey":"BUdllC2FcrmbQOPrkdrjxyJS1eE1wH5sHIcFn7nM6vAw","privKey":"AARadT+2616rWO/5Q4PQRfcEGrIioSxzt5sv0yn3Hlk="},"lastRemoteEphemeralKey":"BRRazi6i8IUCOHUBhLrWCzSTqgXXSw40bpUx+ai8KeQ5","previousCounter":0,"rootKey":"/QWa0w3UGSkv3Xk38Euk8NtaQRNuy4+9ktar5KNz5xQ="},"indexInfo":{"baseKey":"BZ6+dTmrFLRMzwVS4ek/3LXH5biwJwhZ3CuRlYD7mw0I","baseKeyType":2,"closed":-1,"used":1676296816454,"created":1676296816454,"remoteIdentityKey":"BbAzzm1Hk9fFGMwBnOVTYEpHtAMURarrC8AghrlPuo8c"},"_chains":{"BRRazi6i8IUCOHUBhLrWCzSTqgXXSw40bpUx+ai8KeQ5":{"chainKey":{"counter":0,"key":"gqrwFEPoK7PvS5uIp6QWgk1APttOLP2RICqIDlp3pAM="},"chainType":2,"messageKeys":{}},"BUdllC2FcrmbQOPrkdrjxyJS1eE1wH5sHIcFn7nM6vAw":{"chainKey":{"counter":-1,"key":"AIxaaSkMEDDVpBMfA2BP6KYrRjfhP4nHmxXxjKOr3Qw="},"chainType":1,"messageKeys":{}}}}},"version":"v1"}