{"_sessions":{"BUqDJmIHGAxxkm3LO4MWEWrfQUbH4LgbVl9Y/5W3DHxL":{"registrationId":2628,"currentRatchet":{"ephemeralKeyPair":{"pubKey":"BX+jW5LozCT/GvfYVBFyOSIrS8sKmG5IgoBAEsGV5odQ","privKey":"iFRJleUdVXnMyBeEMsj3hqLBLicLfk4WVYPMtzBkLXI="},"lastRemoteEphemeralKey":"BVvXPTrsYSf5QoJiVSeiIGeHIWAdcowiscEV4WhDkSRQ","previousCounter":0,"rootKey":"FlXUNXEIIcn3nePsT+4oSWiiorTv6rUFMzmvRoibuls="},"indexInfo":{"baseKey":"BUqDJmIHGAxxkm3LO4MWEWrfQUbH4LgbVl9Y/5W3DHxL","baseKeyType":1,"closed":1676962063707,"used":1676725513406,"created":1676725513406,"remoteIdentityKey":"Ba2UInqwqAPHZa/bmx7dPwIMylkE1lIkZ42/KGYoEBcq"},"_chains":{"BX+jW5LozCT/GvfYVBFyOSIrS8sKmG5IgoBAEsGV5odQ":{"chainKey":{"counter":0,"key":"I3rGd/8MfG69njxYwNIL4qOPrakkd2xX/NHd9Jgeksc="},"chainType":1,"messageKeys":{}}},"pendingPreKey":{"signedKeyId":2,"baseKey":"BUqDJmIHGAxxkm3LO4MWEWrfQUbH4LgbVl9Y/5W3DHxL"}},"BSYjunvJGtm4jTuUO30JYEmA6L3Iwx/NtkSEGCHiTQBN":{"registrationId":2628,"currentRatchet":{"ephemeralKeyPair":{"pubKey":"BWv2ShuCtVX0RVA/RddiGaHMcSzGK0h8o0rcP3cwBYox","privKey":"eFCLAVuNWCscv+nBGpDEykLCZJnaOiGnwcYifY23e00="},"lastRemoteEphemeralKey":"BVvXPTrsYSf5QoJiVSeiIGeHIWAdcowiscEV4WhDkSRQ","previousCounter":0,"rootKey":"/to6jVBukDN6ViZWluZ5Ophym+pLr9qZyKv5/6SqDFw="},"indexInfo":{"baseKey":"BSYjunvJGtm4jTuUO30JYEmA6L3Iwx/NtkSEGCHiTQBN","baseKeyType":1,"closed":-1,"used":1676962063669,"created":1676962063669,"remoteIdentityKey":"Ba2UInqwqAPHZa/bmx7dPwIMylkE1lIkZ42/KGYoEBcq"},"_chains":{"BWv2ShuCtVX0RVA/RddiGaHMcSzGK0h8o0rcP3cwBYox":{"chainKey":{"counter":-1,"key":"lvdGNtGdqkjh4mm4IhJbxPT9rflGi3N1FC/RO1kzIGc="},"chainType":1,"messageKeys":{}}},"pendingPreKey":{"signedKeyId":2,"baseKey":"BSYjunvJGtm4jTuUO30JYEmA6L3Iwx/NtkSEGCHiTQBN","preKeyId":14188}}},"version":"v1"}