{"_sessions":{"BdT+inRTWF42SCAUjw9c/uaVx9F5ukTiu6cFKbrP+U8L":{"registrationId":2114845448,"currentRatchet":{"ephemeralKeyPair":{"pubKey":"Bd46nnuYFtgJUvnPJdksS2eO/sV1ACF82hxQgC5RrXlF","privKey":"gMEo5nLAJllVyDydzcK6N/IDOnm/LeQcOJVXM8DEbG4="},"lastRemoteEphemeralKey":"BVPuibz7SHxtuXGN2OUzfAb/1i63qa2zpxYMmiUJ9gg2","previousCounter":0,"rootKey":"Kqefz50o3HMN8uohHG8AhrBACfI7fzyYj7EYkjvuynU="},"indexInfo":{"baseKey":"BdT+inRTWF42SCAUjw9c/uaVx9F5ukTiu6cFKbrP+U8L","baseKeyType":2,"closed":-1,"used":1676252343906,"created":1676252343906,"remoteIdentityKey":"Ben81xrpPxQfvbh8TsVhCL5522+uYxwYpU3T4sAGraR/"},"_chains":{"BVPuibz7SHxtuXGN2OUzfAb/1i63qa2zpxYMmiUJ9gg2":{"chainKey":{"counter":23,"key":"S+1rbab9p/waGZxZa7MyZt2EAupSrAUOuKDs7EfW0aI="},"chainType":2,"messageKeys":{}},"Bd46nnuYFtgJUvnPJdksS2eO/sV1ACF82hxQgC5RrXlF":{"chainKey":{"counter":-1,"key":"eCg4u0aZ5jD0SrEc4do3pZBg61sNLcmFXFocD7xoAjU="},"chainType":1,"messageKeys":{}}}}},"version":"v1"}