{"_sessions":{"BfNcaqcpph2RjrWspYRyceklUMT9N7tKB4C7M6FMbugy":{"registrationId":1133914905,"currentRatchet":{"ephemeralKeyPair":{"pubKey":"BSUUIEOEJOYKZgRC4J0h28jd+gpLz+4tL6Gli0QsE1Bz","privKey":"4Anqcc3e0LW5R0r2TcVZ9y/tJP5/y8oVDSruif2rI2w="},"lastRemoteEphemeralKey":"BcI1uIwc2Ir/8hdVXhOw4ISfy9OTsTDNcSSB5j94Musy","previousCounter":0,"rootKey":"qkakAkkf5LwLfZnkjqGM/SVBJSExYm+e12TCXrm5jaA="},"indexInfo":{"baseKey":"BfNcaqcpph2RjrWspYRyceklUMT9N7tKB4C7M6FMbugy","baseKeyType":1,"closed":-1,"used":1676725513439,"created":1676725513439,"remoteIdentityKey":"BenAeRAnx8YP/1EmRWarKfiIBOJgKXfSsa4Br55qULpG"},"_chains":{"BSUUIEOEJOYKZgRC4J0h28jd+gpLz+4tL6Gli0QsE1Bz":{"chainKey":{"counter":0,"key":"3+DREBkskAul2mLL3k0iDReCBe+mzeFI697DAS/qMFo="},"chainType":1,"messageKeys":{}}},"pendingPreKey":{"signedKeyId":2,"baseKey":"BfNcaqcpph2RjrWspYRyceklUMT9N7tKB4C7M6FMbugy","preKeyId":2222827}}},"version":"v1"}