{"_sessions":{"BQfcEH1Fcnqj950kZ+/1hQ+tYRyMbMIZyzvAQz/nRzEV":{"registrationId":2044300908,"currentRatchet":{"ephemeralKeyPair":{"pubKey":"BTibuLCogZ9CaveTosuMZBfS8aiaE4zscFMBrgl0mQ8q","privKey":"yJUjGLdu6KA/IGXuotw/DBfyYFygXN87Xae8Ixztw14="},"lastRemoteEphemeralKey":"BYsZuy2uEe6BW2juo7ALD0vi+tJfiOp0x+aUcK7dMeYp","previousCounter":0,"rootKey":"XCqzbZRACQrpvv3ehDWRvEFPc9+CY+T6BE5Ep6eFQa8="},"indexInfo":{"baseKey":"BQfcEH1Fcnqj950kZ+/1hQ+tYRyMbMIZyzvAQz/nRzEV","baseKeyType":2,"closed":-1,"used":1676252660642,"created":1676241324095,"remoteIdentityKey":"BT94xzynFajdUOZeOS9BZ0ZzT74HIwvidtoO93sOtAIU"},"_chains":{"BQmXTcpoR63P62MMo3Z8Dt7xYYR8jPmUk9Qgn3RD8DFN":{"chainKey":{"counter":1},"chainType":2,"messageKeys":{}},"BYVWgumfxbz1h+K6rVtkQMA/Q/rdToiQ+L2dh+ob/bxU":{"chainKey":{"counter":0},"chainType":2,"messageKeys":{}},"BcxRdRfWxuS1DcnKHl7R/SwbbzGy4KyinYPxqjFmJD4x":{"chainKey":{"counter":1},"chainType":2,"messageKeys":{}},"BQfV3FXO3z+GQFi0hlQ8vz/F6NCdZk89YQjykfUVgqkR":{"chainKey":{"counter":2},"chainType":2,"messageKeys":{}},"BYsZuy2uEe6BW2juo7ALD0vi+tJfiOp0x+aUcK7dMeYp":{"chainKey":{"counter":0,"key":"DPE6OvUJg/OUylOoBomRusqawxTRlFj3uJKjdVaZI1I="},"chainType":2,"messageKeys":{}},"BTibuLCogZ9CaveTosuMZBfS8aiaE4zscFMBrgl0mQ8q":{"chainKey":{"counter":1,"key":"BMXa7Dj9LQxYRsDdYhGhDS2aqo7MybcgHR/CQkaoHvo="},"chainType":1,"messageKeys":{}}}}},"version":"v1"}