{"_sessions":{"BeBHkp5F5pNWPH9UxaUCzcYPtj/0UHU3EKfnFjXVCPMq":{"registrationId":6922,"currentRatchet":{"ephemeralKeyPair":{"pubKey":"BeHHIGuzmfnVmZ663U9LM8C/xXSj8cVJcalmba2puZ8L","privKey":"eOsquCvQOKE6m5RGQPKO8+TyEdI1zZQsCjMyvLLVCGk="},"lastRemoteEphemeralKey":"BYcTMqEb3sBioU+CvOZUCgO1+Cd6s6OgX7K5Uqv7N70t","previousCounter":0,"rootKey":"ot/qg3NUAMpgJBwi/3dpMg8Wl1NXFzq87899j4KcC6A="},"indexInfo":{"baseKey":"BeBHkp5F5pNWPH9UxaUCzcYPtj/0UHU3EKfnFjXVCPMq","baseKeyType":1,"closed":-1,"used":1676725513402,"created":1676725513402,"remoteIdentityKey":"BRGI4xmw+ggBrR/njOwT0wuQM0G9J9cw+Jt/ZYffDxM6"},"_chains":{"BeHHIGuzmfnVmZ663U9LM8C/xXSj8cVJcalmba2puZ8L":{"chainKey":{"counter":0,"key":"HYHnxbkk6aq5Ti/ezUsnGQStsMH3vZgAT/jTLEp0g54="},"chainType":1,"messageKeys":{}}},"pendingPreKey":{"signedKeyId":1,"baseKey":"BeBHkp5F5pNWPH9UxaUCzcYPtj/0UHU3EKfnFjXVCPMq","preKeyId":210}}},"version":"v1"}