{"_sessions":{"BYQb+3bkeGXhDWc5djZ/6hK5rHoPkBPLzVrk+kuvLbUs":{"registrationId":481899107,"currentRatchet":{"ephemeralKeyPair":{"pubKey":"BXX0X6ONjyu83bEBQ1s7u3fYWqB4ELEVQPBvjSmbVddU","privKey":"wICbPBSf3ZAn3P6u63bWmKtEEpRZdwdTHleToxl/MV4="},"lastRemoteEphemeralKey":"BR+YqL3OAqejhpduD9FWD92x4/YVsVCqIatKM1hrEMEu","previousCounter":0,"rootKey":"uhhW+o0FP5Vn1NWpIh8GOPHKPkep90CfPxiBQ1i7CEc="},"indexInfo":{"baseKey":"BYQb+3bkeGXhDWc5djZ/6hK5rHoPkBPLzVrk+kuvLbUs","baseKeyType":2,"closed":-1,"used":1676857374054,"created":1676710663361,"remoteIdentityKey":"BWToHjlvnfS6cTlo4ddM7u21oAiWazeBsDEIx5FsjsQX"},"_chains":{"BXlETs2KGnq2KzD5Cvphsr07j21slus4vPtbbZ94R+1g":{"chainKey":{"counter":1},"chainType":2,"messageKeys":{}},"BR+YqL3OAqejhpduD9FWD92x4/YVsVCqIatKM1hrEMEu":{"chainKey":{"counter":0,"key":"ziQ8juIQruKbj7astb8f5XKe2lH4+1pfF/DOXC5vsK4="},"chainType":2,"messageKeys":{}},"BXX0X6ONjyu83bEBQ1s7u3fYWqB4ELEVQPBvjSmbVddU":{"chainKey":{"counter":-1,"key":"3mygNeaHIjYLVG71eQlepwJj4597yCJsZ5IrSvndmzs="},"chainType":1,"messageKeys":{}}}}},"version":"v1"}