{"_sessions":{"BWFuNuDcq0/q2jefrQybuKrLmXbYuih5egLrruLi44Q+":{"registrationId":566317563,"currentRatchet":{"ephemeralKeyPair":{"pubKey":"BQFLMKqHVFchgqYUSw6yFURH6skmiHFrkCKSFIiSmqEJ","privKey":"kCN8i/ysOR/gLcZkHQcZkK4Ah3fVKLIfmpxN/NT2v3c="},"lastRemoteEphemeralKey":"Bd1COI7Hr2eFnPylQAg4RrXlozc+FI39q8ypLHSSwOcs","previousCounter":0,"rootKey":"Q4uu1JXkZZKZrBGJIdxW0+KvKYlDgBJyG500mICUbh0="},"indexInfo":{"baseKey":"BWFuNuDcq0/q2jefrQybuKrLmXbYuih5egLrruLi44Q+","baseKeyType":1,"closed":-1,"used":1676725513390,"created":1676725513390,"remoteIdentityKey":"BZIIv9XLUYKPJm+Fh5wJIRnYlNaHhvWip/wgkW9+YbV6"},"_chains":{"BQFLMKqHVFchgqYUSw6yFURH6skmiHFrkCKSFIiSmqEJ":{"chainKey":{"counter":0,"key":"8BWUPZui19bcamROL9d7QfmzYBmmYrWPcZv/82Tl8Kc="},"chainType":1,"messageKeys":{}}},"pendingPreKey":{"signedKeyId":0,"baseKey":"BWFuNuDcq0/q2jefrQybuKrLmXbYuih5egLrruLi44Q+","preKeyId":13405185}}},"version":"v1"}