{"_sessions":{"Bf33pbYrEKaM0GLyjR5AlFaqh2H76ow/sWMf+saVuLFx":{"registrationId":1029094818,"currentRatchet":{"ephemeralKeyPair":{"pubKey":"BWB0zTxNJR/SR3fwsQvcLJVuu8N/gCQ7k9tQqnEiF5V7","privKey":"0FCfMGKG1iZ5MYy8034VWamgfWd3NhP49hkNFtLF0HM="},"lastRemoteEphemeralKey":"BaJXN7trNTQBz/yAmWrj3bUbDxtVS/Kz0UiFXEt8Gr0g","previousCounter":0,"rootKey":"Rlh+ws5K+vBA2PtMksCY2A3Q8WV8SOz6/0T74ZJMpyc="},"indexInfo":{"baseKey":"Bf33pbYrEKaM0GLyjR5AlFaqh2H76ow/sWMf+saVuLFx","baseKeyType":2,"closed":-1,"used":1676864246676,"created":1676710652394,"remoteIdentityKey":"BRQF4N7zHOLI37VEktl/6gzz39kkztCyVsm2nJ15pAgQ"},"_chains":{"BYyICjJb+DlvFMP6d3Tv6bUUUROGb/rihHcr5Ris6EFH":{"chainKey":{"counter":1},"chainType":2,"messageKeys":{}},"BaJXN7trNTQBz/yAmWrj3bUbDxtVS/Kz0UiFXEt8Gr0g":{"chainKey":{"counter":0,"key":"Xc6UjdBdpedHAJy6aIL7aFMfZpwjOpUumoHhG8APgWc="},"chainType":2,"messageKeys":{}},"BWB0zTxNJR/SR3fwsQvcLJVuu8N/gCQ7k9tQqnEiF5V7":{"chainKey":{"counter":-1,"key":"fL6V6QGxfhmtt8fCTBfkyuhOwE0UxIbxvf7p2W1jHYg="},"chainType":1,"messageKeys":{}}}}},"version":"v1"}