{"_sessions":{"BTyZ6+/kEiS4a8iy6UoFtJ6EycO1VDKL7h1HMbiis9RU":{"registrationId":2088691318,"currentRatchet":{"ephemeralKeyPair":{"pubKey":"BWGR9cZgCjuVu7auO+TGxfgC3e6EicJQv5NVhQXgTc9U","privKey":"SLk8LztdNg+borDUvj+yO7tANOQG9rAGLLqMsLyF62g="},"lastRemoteEphemeralKey":"Beui+5C0Et2ExWIOKFROzfwE2dpHWeIyG8kpVST+2Wwk","previousCounter":0,"rootKey":"loQobu7RKv6YurAu5HJPjJXzJ5FDHgkSXHq1Yx9P/5g="},"indexInfo":{"baseKey":"BTyZ6+/kEiS4a8iy6UoFtJ6EycO1VDKL7h1HMbiis9RU","baseKeyType":1,"closed":-1,"used":1676725513449,"created":1676725513449,"remoteIdentityKey":"BcHFr2m8wykGgkGz19tYBGhjQXopZrt5VHP97vkfV3MT"},"_chains":{"BWGR9cZgCjuVu7auO+TGxfgC3e6EicJQv5NVhQXgTc9U":{"chainKey":{"counter":0,"key":"b+k8PfVrPF2ILdIA98xkseLXcVTAI1mTvbscw7UiLgw="},"chainType":1,"messageKeys":{}}},"pendingPreKey":{"signedKeyId":10,"baseKey":"BTyZ6+/kEiS4a8iy6UoFtJ6EycO1VDKL7h1HMbiis9RU","preKeyId":11883084}}},"version":"v1"}