{"_sessions":{"BTJr+IQJfuc8l+s0lSAnVd5GW4A1sZb/In4OlV2xIXl9":{"registrationId":225,"currentRatchet":{"ephemeralKeyPair":{"pubKey":"BXHxqnSs16a1rg8F3OcFWpvlFkCHlyO6qzSQ/ljjLzUK","privKey":"yLYgZKP3EJTKysFbmPfwLDvPXgytOJgjsA+qONCOplY="},"lastRemoteEphemeralKey":"BYpxB/ebomVId47S6NonBsssmCz0E9yf/gNOpaxGlb4A","previousCounter":0,"rootKey":"sYaxU9Zj4zbPgklgGMqcQPohtBTauDfFI+GuKQ0Rf0U="},"indexInfo":{"baseKey":"BTJr+IQJfuc8l+s0lSAnVd5GW4A1sZb/In4OlV2xIXl9","baseKeyType":1,"closed":-1,"used":1676252662596,"created":1676252662596,"remoteIdentityKey":"BUnZAdrhnoWD1Z17U7P3VoKfffTGhNIQmipH+WSGnR0F"},"_chains":{"BXHxqnSs16a1rg8F3OcFWpvlFkCHlyO6qzSQ/ljjLzUK":{"chainKey":{"counter":0,"key":"dVf6WtrOFaRN6Q5nb4MZQfzD2nGr5ysoVlGMit9iaq0="},"chainType":1,"messageKeys":{}}},"pendingPreKey":{"signedKeyId":1,"baseKey":"BTJr+IQJfuc8l+s0lSAnVd5GW4A1sZb/In4OlV2xIXl9"}}},"version":"v1"}