{"_sessions":{"BTLKiA34Ip0aRFOhK3NrG1oQbBrHIJwSoc0n+ZKCmNgJ":{"registrationId":28375907,"currentRatchet":{"ephemeralKeyPair":{"pubKey":"BbH55HLMSMGeBuxLXMotp3tGEInDPqkuH7w1EkvNdIZO","privKey":"KI6gV5EDn9bX5s5XpzT6Q2WL7abxG2+nKJ3DsqfNc30="},"lastRemoteEphemeralKey":"BabOTxxkjdQMlEPbtGp+/ZRF9OYco66gwdazicdRm9cT","previousCounter":0,"rootKey":"nlW9OE7wdc56N4miUOyHKRT45NCZsOgBhk7C7i0GrI0="},"indexInfo":{"baseKey":"BTLKiA34Ip0aRFOhK3NrG1oQbBrHIJwSoc0n+ZKCmNgJ","baseKeyType":2,"closed":-1,"used":1676276714812,"created":1676276714812,"remoteIdentityKey":"BbzcDAJuCPufyRD7jrRFKbjEWaCqmDxZOPulqTQQjsE/"},"_chains":{"BabOTxxkjdQMlEPbtGp+/ZRF9OYco66gwdazicdRm9cT":{"chainKey":{"counter":0,"key":"dk2ezUx00crlWU6ygDGE7yNoLn4FhbRX3yLKqAGzAqA="},"chainType":2,"messageKeys":{}},"BbH55HLMSMGeBuxLXMotp3tGEInDPqkuH7w1EkvNdIZO":{"chainKey":{"counter":-1,"key":"Iw8rAvOvJb6crmYjnH+Ec+bOWQ9QpL4lBGbVbJeTxxg="},"chainType":1,"messageKeys":{}}}}},"version":"v1"}