{"_sessions":{"BUbhoN/JnjO04BZXLVE3LV52HbbxRM780OSqfjzdJz0r":{"registrationId":9273,"currentRatchet":{"ephemeralKeyPair":{"pubKey":"Ba3gim46sNr2Q4IHw8AXoWpXudhNx+hlz3AutuO2BR5w","privKey":"8LiI4jQo9Vx6d6hBpMU4feMH5vJiHbuFXTdM/vW9WE8="},"lastRemoteEphemeralKey":"BdpjeJW/m3fR5I8OJq9JUG01cVGxansVsn2AY/PrJLNr","previousCounter":0,"rootKey":"7tMlZYdj8pqz/tFQJ9n7DoFD3jrZwEh731Jo6XbeDFU="},"indexInfo":{"baseKey":"BUbhoN/JnjO04BZXLVE3LV52HbbxRM780OSqfjzdJz0r","baseKeyType":1,"closed":-1,"used":1676252662591,"created":1676252662591,"remoteIdentityKey":"BWNBioO47Hqhqs0Zck3MRLMlpnhawDZE1TJfkXh23YlS"},"_chains":{"Ba3gim46sNr2Q4IHw8AXoWpXudhNx+hlz3AutuO2BR5w":{"chainKey":{"counter":0,"key":"DxglYn/Of6o7Wci/DE6JLT8gICGYMz61egNErIBYm6w="},"chainType":1,"messageKeys":{}}},"pendingPreKey":{"signedKeyId":1,"baseKey":"BUbhoN/JnjO04BZXLVE3LV52HbbxRM780OSqfjzdJz0r"}}},"version":"v1"}