{"_sessions":{"BTYB9nGhvB0uzdfTOedfnZZE0p0VrnhIiGZdUTBPcS1s":{"registrationId":1206466289,"currentRatchet":{"ephemeralKeyPair":{"pubKey":"BbMp61J1rc1OGPMhuUXC9AVhmEPLPnDlvh3GF2iv2c4f","privKey":"eP8ePGdJeDUVCfsEqXKwc3RtFEhe7aCB7buFL//w9ng="},"lastRemoteEphemeralKey":"BXZVDgPJegW70Z9pM5yfcm01cckqzlyzY+Vq0d8Kak0D","previousCounter":0,"rootKey":"O0dUkw3OXM0+54uuDpekKZtVWhuvZ7jmugxpPwmJgAU="},"indexInfo":{"baseKey":"BTYB9nGhvB0uzdfTOedfnZZE0p0VrnhIiGZdUTBPcS1s","baseKeyType":1,"closed":-1,"used":1676252662601,"created":1676252662601,"remoteIdentityKey":"BWlIqgOVlFUyRtSWFRzui3szPpq1n38q1GlQV4OWZVk3"},"_chains":{"BbMp61J1rc1OGPMhuUXC9AVhmEPLPnDlvh3GF2iv2c4f":{"chainKey":{"counter":0,"key":"yjLpZffLf7wW5MCmL/2x5N6lyDaPkF82Iv6kU8PWGaA="},"chainType":1,"messageKeys":{}}},"pendingPreKey":{"signedKeyId":8,"baseKey":"BTYB9nGhvB0uzdfTOedfnZZE0p0VrnhIiGZdUTBPcS1s","preKeyId":13752111}}},"version":"v1"}