{"_sessions":{"BT4H4Z6xDDj4NrOagTJux8q+vx/tH+Zn0Jcnb3qxTVwy":{"registrationId":1594,"currentRatchet":{"ephemeralKeyPair":{"pubKey":"BeEEnPvC1na5CyUUe8RmvkPU9yRmwXHDtFGHiDPJAlB4","privKey":"IE/Os/Iifa5Gc2tebsV9er41B2uGjYJbiBwlGbcce1g="},"lastRemoteEphemeralKey":"BUze3OwHpIjQ1lgAsN8RNXczyqZsDgacvwtdxad2rz4l","previousCounter":0,"rootKey":"sgV3ZuCwyfkdxRFDRoSZ0hQ0CinlWGK5YeU46sZZEkU="},"indexInfo":{"baseKey":"BT4H4Z6xDDj4NrOagTJux8q+vx/tH+Zn0Jcnb3qxTVwy","baseKeyType":1,"closed":-1,"used":1676725513392,"created":1676725513392,"remoteIdentityKey":"Beveoxvh6c/qdVghrCn9kHEyJXmmoV5FkE9qrZacHHES"},"_chains":{"BeEEnPvC1na5CyUUe8RmvkPU9yRmwXHDtFGHiDPJAlB4":{"chainKey":{"counter":0,"key":"XfsffOFyQtZmCgOzXfFPF1yP/ysvNhkEe3tjRl0ennE="},"chainType":1,"messageKeys":{}}},"pendingPreKey":{"signedKeyId":3,"baseKey":"BT4H4Z6xDDj4NrOagTJux8q+vx/tH+Zn0Jcnb3qxTVwy","preKeyId":11832}}},"version":"v1"}