{"_sessions":{"BTwjcg40qWykV5yoEPdbEtcZtG3/lDIJfr1tmOagvfFy":{"registrationId":1199156947,"currentRatchet":{"ephemeralKeyPair":{"pubKey":"BefAbMC2qSbTTD/nwCLmQev4HmohLI9LSbyzzOFmAFk6","privKey":"6EKhywSZmcUWtmjuZoiSlyvnWAEbQ8xH0GEuqplR1HU="},"lastRemoteEphemeralKey":"BfaSZwWimPJ2VBRTO2CITobL8TSS1UvNz2okP4VXiDER","previousCounter":0,"rootKey":"JCi2E+uBV4+yoJa0Ap2OJBMzW8Pk0h8ivlWEw/XZbnw="},"indexInfo":{"baseKey":"BTwjcg40qWykV5yoEPdbEtcZtG3/lDIJfr1tmOagvfFy","baseKeyType":2,"closed":-1,"used":1676962058914,"created":1676962058913,"remoteIdentityKey":"BWKop04nB+naX6anfuUaLYs7BHRmcUWVdKOvxV3owpxo"},"_chains":{"BfaSZwWimPJ2VBRTO2CITobL8TSS1UvNz2okP4VXiDER":{"chainKey":{"counter":0,"key":"oYCvG/4Bti8EABLYK+X5XvA2KCiOdyDgL4q1ImwV8sg="},"chainType":2,"messageKeys":{}},"BefAbMC2qSbTTD/nwCLmQev4HmohLI9LSbyzzOFmAFk6":{"chainKey":{"counter":-1,"key":"xjeek7+QFCc1Wttmn1Xmyl/i/bOGq16k70TEiUxM9KM="},"chainType":1,"messageKeys":{}}}}},"version":"v1"}