{"_sessions":{"BVuraC+7DzdATID9LDd+SD+ICGgwAEVzro6LnEJqPrA4":{"registrationId":1247758557,"currentRatchet":{"ephemeralKeyPair":{"pubKey":"BcXgNqa8Ph864SFXr2w2nqPmAJWl3E52skUDfjmRrt89","privKey":"yFFHfbUYCmAgKgMwHOFM1ERqARcK6qTi7KM4cvFJB0k="},"lastRemoteEphemeralKey":"BT5LI9p0ztJkK7Vphx5/jo4NrHhVfiEbCT+pJi0vywAR","previousCounter":0,"rootKey":"BweBePgQFNg3WDUxz3JOVsuTtER7efNjySwOMpUYcvc="},"indexInfo":{"baseKey":"BVuraC+7DzdATID9LDd+SD+ICGgwAEVzro6LnEJqPrA4","baseKeyType":1,"closed":-1,"used":1676725513434,"created":1676725513434,"remoteIdentityKey":"BVXidqMAoFOSzgpkZIuq7WAJnr5ER+RxlrAEyG263XdV"},"_chains":{"BcXgNqa8Ph864SFXr2w2nqPmAJWl3E52skUDfjmRrt89":{"chainKey":{"counter":0,"key":"nepb0JmNPYBmuggka/O0yQiqYnBEybyL5Wq92sKU/Ek="},"chainType":1,"messageKeys":{}}},"pendingPreKey":{"signedKeyId":1,"baseKey":"BVuraC+7DzdATID9LDd+SD+ICGgwAEVzro6LnEJqPrA4","preKeyId":6040575}}},"version":"v1"}