{"_sessions":{"BYm6jVZSzi79aQX3bM8FBs40BqFhP8vR9tLfbMH2gLwh":{"registrationId":12652,"currentRatchet":{"ephemeralKeyPair":{"pubKey":"BffGSU6UBKo2lY9dcvpE6zctfbpM9ekVoN7iRofBAO51","privKey":"ALaIDdOVcgPniw+nqMRUf6tjAyR+j9OQO3iEpkQIblw="},"lastRemoteEphemeralKey":"Bc0ShaR5sk2GUJYyWoDwdaGzJAaJ6UzAoVHpOdoGXqIU","previousCounter":0,"rootKey":"NIM8/uofUmzEXdLHy1SxrJIvtOUgMlL8esYK6DV1qYc="},"indexInfo":{"baseKey":"BYm6jVZSzi79aQX3bM8FBs40BqFhP8vR9tLfbMH2gLwh","baseKeyType":1,"closed":-1,"used":1676864950960,"created":1676864950960,"remoteIdentityKey":"BULtTfAaWr2r66Mc1scL1AwV6kWl5vzeB+FcsHdJpRY2"},"_chains":{"BffGSU6UBKo2lY9dcvpE6zctfbpM9ekVoN7iRofBAO51":{"chainKey":{"counter":0,"key":"r4G8c5zaV/6dRwgu5BMY7zNWvATx0RQAK9OcgNq3gfI="},"chainType":1,"messageKeys":{}}},"pendingPreKey":{"signedKeyId":1,"baseKey":"BYm6jVZSzi79aQX3bM8FBs40BqFhP8vR9tLfbMH2gLwh","preKeyId":1}}},"version":"v1"}