{"_sessions":{"Bf/SnOB377mfGbJ/dSgLUXrFn6GAowSucQxXBHLAGB5N":{"registrationId":2089679643,"currentRatchet":{"ephemeralKeyPair":{"pubKey":"BQGdW/qNRvt7adt8J8oVettW2F1BlHi9ZbYW+uu+O5sa","privKey":"aBb9yGIho+pID3jAUK9mF0VY2Kl7iCLwbann0hYzhF0="},"lastRemoteEphemeralKey":"BSuUbd7lA7JqI63i9JQscFrpm0qSuWxIZtKDzTeDDutl","previousCounter":0,"rootKey":"5VFcUnSWTfPRDXitomXf6MnsAYLWV64qpDPptmxvpg0="},"indexInfo":{"baseKey":"Bf/SnOB377mfGbJ/dSgLUXrFn6GAowSucQxXBHLAGB5N","baseKeyType":2,"closed":-1,"used":1676710668139,"created":1676710668139,"remoteIdentityKey":"BUKhELaWAaJgaWWNezEevqJH4qPixwqY3uN1OiVvI7ov"},"_chains":{"BSuUbd7lA7JqI63i9JQscFrpm0qSuWxIZtKDzTeDDutl":{"chainKey":{"counter":0,"key":"OAnTPCvq75wfCEz25MkkooD3rufDBGO9glCPPGPKPtI="},"chainType":2,"messageKeys":{}},"BQGdW/qNRvt7adt8J8oVettW2F1BlHi9ZbYW+uu+O5sa":{"chainKey":{"counter":0,"key":"vNRpNtS4LIwiXMIVUyW6p9n5WcRBPrBSxBX0cskSya4="},"chainType":1,"messageKeys":{}}}}},"version":"v1"}