{"_sessions":{"BcM65NaeTe9aBKWlOAToSzVHkAc/vUYfYIhe3tP47vwJ":{"registrationId":2063291940,"currentRatchet":{"ephemeralKeyPair":{"pubKey":"BRHxPt/IGjeYyTQu90JgivvM/yv8Ic+/XVkMi9pNNXVZ","privKey":"aBknGQacIvVBreU3xy0l3CVS6okMFaJVE8ygGyEOcVU="},"lastRemoteEphemeralKey":"Bbgl+rcrb/cEtnFGnIpBuu56FsnJBpxfDZGIhlUdC9E5","previousCounter":0,"rootKey":"zH0wH/7ErBS3IPGlRdAMBHfLENMGWlglUY3yc+oWxck="},"indexInfo":{"baseKey":"BcM65NaeTe9aBKWlOAToSzVHkAc/vUYfYIhe3tP47vwJ","baseKeyType":1,"closed":-1,"used":1676725513415,"created":1676725513415,"remoteIdentityKey":"BYCwT/1OWg6eipvLf8/nh/l8J9T54LPQfvjZF1Eb2K43"},"_chains":{"BRHxPt/IGjeYyTQu90JgivvM/yv8Ic+/XVkMi9pNNXVZ":{"chainKey":{"counter":0,"key":"piN83Bw+RvJ7Zo1HemzZRxrqDPenEwBm5GUHkC3m+gk="},"chainType":1,"messageKeys":{}}},"pendingPreKey":{"signedKeyId":1,"baseKey":"BcM65NaeTe9aBKWlOAToSzVHkAc/vUYfYIhe3tP47vwJ","preKeyId":3688471}}},"version":"v1"}