{"_sessions":{"BW5TO4DF18ESnQiMdSSPdCuQeepfdCYVLt3vNatJnKoG":{"registrationId":1599365122,"currentRatchet":{"ephemeralKeyPair":{"pubKey":"BZQp9mGBPHwLxvGA8A7Gbtjqbsqo7jJk3XTjPFwGNwdy","privKey":"OFHyPuFNX+pe9OLJu2ZS4yNTLrdKhyMRMqwcMestJ1Y="},"lastRemoteEphemeralKey":"BTnM6Gd0Ik2Eo2F2WXveugyWKkHcT8Apmv4w24z1pFhV","previousCounter":0,"rootKey":"3rn/0e4lxDhADq0bnZji7T6EpHKUNoAfEF2SKfyL49E="},"indexInfo":{"baseKey":"BW5TO4DF18ESnQiMdSSPdCuQeepfdCYVLt3vNatJnKoG","baseKeyType":2,"closed":-1,"used":1676272662341,"created":1676272662341,"remoteIdentityKey":"BTvyf24GLeTQaNmiJur0j7aUlaxCRTGFiF3S46kP2EUV"},"_chains":{"BTnM6Gd0Ik2Eo2F2WXveugyWKkHcT8Apmv4w24z1pFhV":{"chainKey":{"counter":2,"key":"NExRwrg3B0Wbqa1XJra9iClwHrv+NklxrKvsOJmOzn4="},"chainType":2,"messageKeys":{}},"BZQp9mGBPHwLxvGA8A7Gbtjqbsqo7jJk3XTjPFwGNwdy":{"chainKey":{"counter":-1,"key":"EilN52Kr31Q48REqYJGga3IZ9wKUlmdBfzrtLxsHusE="},"chainType":1,"messageKeys":{}}}}},"version":"v1"}