{"_sessions":{"BZFsyEoIbYe+TkwPIAgmjNVeYT0ZNtq6o80eh3olrdsO":{"registrationId":517954136,"currentRatchet":{"ephemeralKeyPair":{"pubKey":"BekF4xy3k35cU6o3nxSTec8dR4kF0X2tXn+xVEos7+Ml","privKey":"8IBGwa80vbgjKRq7ermfolVgZAxth6OAUM3GTv0uzE8="},"lastRemoteEphemeralKey":"BX5HmHiu1iTwEmTXAyYHxHClii2PziId3hypk2xpTaAC","previousCounter":0,"rootKey":"tC9MiviNtrY20ShGqzuVSU7Y1oxbAaeX/StLjdhIusI="},"indexInfo":{"baseKey":"BZFsyEoIbYe+TkwPIAgmjNVeYT0ZNtq6o80eh3olrdsO","baseKeyType":1,"closed":-1,"used":1676725513453,"created":1676725513453,"remoteIdentityKey":"BYdI3PmAxGkWRuBmCpS0EVjQdUGPIIfaa5OTXlrS3TQn"},"_chains":{"BekF4xy3k35cU6o3nxSTec8dR4kF0X2tXn+xVEos7+Ml":{"chainKey":{"counter":0,"key":"FHaePP92DcibHK5wWQ5UCDwVgfAGEqmkel7E7INxaFU="},"chainType":1,"messageKeys":{}}},"pendingPreKey":{"signedKeyId":3,"baseKey":"BZFsyEoIbYe+TkwPIAgmjNVeYT0ZNtq6o80eh3olrdsO","preKeyId":14039606}}},"version":"v1"}