{"_sessions":{"BRLiy5qMr//ShKA2yopFntxyyEL+uTePuwzI6wL1fp40":{"registrationId":330047570,"currentRatchet":{"ephemeralKeyPair":{"pubKey":"BQNEBwOn77SKSAWnnRDdqcUtC6OlGJyJRCi5IaH137QL","privKey":"8Am6kB5htvOooqPm+amqxG0vQB3Bn5wixWR9xKeuv0g="},"lastRemoteEphemeralKey":"BdNu2/kTsRW7wyW0QFXJJaPn8p0r0fPrCOq3BrkbhWhQ","previousCounter":0,"rootKey":"HfdMStyjif0tVnK1nGNDBCDgLhdIkt5cyDnv8TOfLek="},"indexInfo":{"baseKey":"BRLiy5qMr//ShKA2yopFntxyyEL+uTePuwzI6wL1fp40","baseKeyType":1,"closed":-1,"used":1676725513441,"created":1676725513441,"remoteIdentityKey":"BcPVS06sD3HTaIAR5BBtxpUuWux/s1nUiGI4j94+GnEl"},"_chains":{"BQNEBwOn77SKSAWnnRDdqcUtC6OlGJyJRCi5IaH137QL":{"chainKey":{"counter":0,"key":"kqaTd+NjXD+6wyK/mbHzcZeLP2JLJofUhzk/Z/tsSlo="},"chainType":1,"messageKeys":{}}},"pendingPreKey":{"signedKeyId":11,"baseKey":"BRLiy5qMr//ShKA2yopFntxyyEL+uTePuwzI6wL1fp40","preKeyId":12418661}}},"version":"v1"}