{"_sessions":{"BXZ86GiC2sSA68WPdx9hpx3yN8AxyQaKx1NgMOwif9lB":{"registrationId":630282132,"currentRatchet":{"ephemeralKeyPair":{"pubKey":"BZ+sZdtXEalaJIjg8z8wspeQuxxoenWEQ3SvVcmc5h1J","privKey":"SNqQv6m5VZ7FRlLaWvPFrJmmQYk0UwjNvTGRe13iOm8="},"lastRemoteEphemeralKey":"BaE+Y4FMyGEOafzI+RrLzDEFWI8jGzFpwAoc8GzJI3Rj","previousCounter":0,"rootKey":"rXQMLk2YY6o18wO5YUhhSfnMOlISVg4oFQzNgKx/W+0="},"indexInfo":{"baseKey":"BXZ86GiC2sSA68WPdx9hpx3yN8AxyQaKx1NgMOwif9lB","baseKeyType":2,"closed":-1,"used":1676267110300,"created":1676267110300,"remoteIdentityKey":"BT58jmVn+ZFT3tiNBHPtJZIpqObrQsD9eR2WhTOSkPho"},"_chains":{"BaE+Y4FMyGEOafzI+RrLzDEFWI8jGzFpwAoc8GzJI3Rj":{"chainKey":{"counter":10,"key":"wMWvwHvbpKepGQZIpMCKWrF1v+tIZvU/EU4ArRTH/Fo="},"chainType":2,"messageKeys":{"2":"9nVV3iYaJHgkh/4/MsrCYC+GIvekrc/HAktVHK8eF44=","3":"OMw5c48nqKFacHVicnyPLRRyXKiCm6MrmGDIhjT2v7k="}},"BZ+sZdtXEalaJIjg8z8wspeQuxxoenWEQ3SvVcmc5h1J":{"chainKey":{"counter":-1,"key":"6rmM+E2fUBI7EzU4FZ1njoqNXBAmN6Xq0mHiLaGlpBo="},"chainType":1,"messageKeys":{}}}}},"version":"v1"}