{"_sessions":{"BdHn7MnZyARxI0JhvobZS1so8bRfiiadXULiNtCEfyYu":{"registrationId":61428703,"currentRatchet":{"ephemeralKeyPair":{"pubKey":"BZt3rLfOo2ub15skH3o2P8VeE0NvWwFgNgCLuTQh8nZA","privKey":"CA7w2xB/FL4gJ/+Y7HiZtgpAyLsZeq7x7eI94OhX8Hg="},"lastRemoteEphemeralKey":"BZMDZWkB4MXsAx7Pu4vFz+XWpNELfOexk9jdfaiHmpQj","previousCounter":4,"rootKey":"I2GhnkI4K0TMniRjLVBSMa5ohwiL1elh4UrUuEir4wg="},"indexInfo":{"baseKey":"BdHn7MnZyARxI0JhvobZS1so8bRfiiadXULiNtCEfyYu","baseKeyType":2,"closed":-1,"used":1676962058941,"created":1676241128007,"remoteIdentityKey":"BUB1pxR7yRjuppv6PH837Al3gIBbYLM3//9BN5Lx2xc/"},"_chains":{"BUMKGiDT/AoxCPql+A8TIlEMSQuZPbnc0NAqwQ8dFPFK":{"chainKey":{"counter":8},"chainType":2,"messageKeys":{}},"BTteGPbF6+mBp2HUOCpyKOq+33tS5Q11r/Rj2p8rcAhh":{"chainKey":{"counter":0},"chainType":2,"messageKeys":{}},"BTckxTW1XHrJavouPsMEi1uRqsSox1eW8HQx3KoO0gYy":{"chainKey":{"counter":0},"chainType":2,"messageKeys":{}},"Bf1GEihrCw++7xiYhLqZotlsyZwRVkLAiQwWwKe75O8y":{"chainKey":{"counter":0},"chainType":2,"messageKeys":{}},"BSneN8SFBXN1+QhoklhTABUTv8FiX9nbitlK/eF3HCJo":{"chainKey":{"counter":0},"chainType":2,"messageKeys":{}},"BYARBRjUCzrXXIZbgXEQhQrEtSXlbeZIiWNVdkRc9/Q5":{"chainKey":{"counter":1},"chainType":2,"messageKeys":{}},"BXoaW0eLhSP1UkonLIRKJnTcvhhTac75s70sEuopkB5B":{"chainKey":{"counter":0},"chainType":2,"messageKeys":{}},"BRswABRyZQsTfW6+YkKpCpIGe8ft3lnjSLfM1yvm1+lq":{"chainKey":{"counter":3},"chainType":2,"messageKeys":{}},"BdoMfQKZb+ewT4XyiGczbKdjktEqCod7//Zr1U+9rbM5":{"chainKey":{"counter":1},"chainType":2,"messageKeys":{}},"BZMDZWkB4MXsAx7Pu4vFz+XWpNELfOexk9jdfaiHmpQj":{"chainKey":{"counter":4,"key":"RG0GkzzSV1+UdOkunwWkoyn3L+i9KmkZzdOUf3XiA+Y="},"chainType":2,"messageKeys":{}},"BZt3rLfOo2ub15skH3o2P8VeE0NvWwFgNgCLuTQh8nZA":{"chainKey":{"counter":2,"key":"NI2FHd7+VKTXzNt6xfvsnbLHVCFKsA++/hYYQ2bIn8c="},"chainType":1,"messageKeys":{}}}}},"version":"v1"}