{"_sessions":{"BabW9+Vn1PeBJTmYq5pl1stV6265IA5OW2K/PPtT7/Nn":{"registrationId":41,"currentRatchet":{"ephemeralKeyPair":{"pubKey":"BcBBD2v06O5h7j1+tfg9c02tVKDBLRUK8U7+0pVIpcFn","privKey":"0L8T9AwyyhkkazeALmjI9yxbaV9j2C0Vl13NDc3HmlI="},"lastRemoteEphemeralKey":"BcxdHcLGGo3/QdDFwy8+CEiy9ErFS/7wO4SDyk/JVFhf","previousCounter":0,"rootKey":"naBA+hKf6RCyisG2D0IfER93btMgxSoHxbqitYIyC0Y="},"indexInfo":{"baseKey":"BabW9+Vn1PeBJTmYq5pl1stV6265IA5OW2K/PPtT7/Nn","baseKeyType":1,"closed":-1,"used":1676252662599,"created":1676252662599,"remoteIdentityKey":"BRyzPrBsOTyujV92LRLGMK8ziYi3Gb0cpRul+zoOcTFR"},"_chains":{"BcBBD2v06O5h7j1+tfg9c02tVKDBLRUK8U7+0pVIpcFn":{"chainKey":{"counter":0,"key":"fpojH5cnikVQskDTO8Pthn46W9YkeVBeoOipRCTs+DM="},"chainType":1,"messageKeys":{}}},"pendingPreKey":{"signedKeyId":1,"baseKey":"BabW9+Vn1PeBJTmYq5pl1stV6265IA5OW2K/PPtT7/Nn","preKeyId":34}}},"version":"v1"}