{"_sessions":{"Bfy7Uxv6aXvwt1ZeuT9DKFkKdPiVvbxVkwkhe3lcno13":{"registrationId":10950,"currentRatchet":{"ephemeralKeyPair":{"pubKey":"BY2ZNGkHtV7zzoa9O0228q/xQtHrZxSfkYQaBOH/IWA8","privKey":"8Ka3V8BYcZeLqrl/NzUkheOD5kMQdZ1W0RtdszKbBkM="},"lastRemoteEphemeralKey":"BQEIbty21Hq+xgnmAQtjVoWQoy6x1jLpZQ4QIXaTDaB3","previousCounter":0,"rootKey":"kTB/nguvmWc8UJYNpL13G2W0oA3CyMdvibNLQ5Xyhv0="},"indexInfo":{"baseKey":"Bfy7Uxv6aXvwt1ZeuT9DKFkKdPiVvbxVkwkhe3lcno13","baseKeyType":1,"closed":-1,"used":1676725513394,"created":1676725513394,"remoteIdentityKey":"BchRD8/Quvv708wCMLw0lZZHKZ7miFhGrZ7iN3zsbClY"},"_chains":{"BY2ZNGkHtV7zzoa9O0228q/xQtHrZxSfkYQaBOH/IWA8":{"chainKey":{"counter":0,"key":"rRqrbFXXv7cQyxi7PlAEvhznnlOAqtQu5gvx9FwbTMQ="},"chainType":1,"messageKeys":{}}},"pendingPreKey":{"signedKeyId":2,"baseKey":"Bfy7Uxv6aXvwt1ZeuT9DKFkKdPiVvbxVkwkhe3lcno13","preKeyId":2537}}},"version":"v1"}