{"_sessions":{"BbdftSEPCZdolk+MVbUknAphrSA0PAFjR8V1T2U3kLdT":{"registrationId":344984893,"currentRatchet":{"ephemeralKeyPair":{"pubKey":"BfC37j1jOWepwzibkaTz7tcT1sfJh3uHXQbfxlkkvDYW","privKey":"oP5NTCnpDwGdrdK/WRmqGMQugaTPqBrzkMkINJpFp1w="},"lastRemoteEphemeralKey":"BbDikRs/0SKUsCFgv7C4In6+gozONCOuw82DOf6V7AA7","previousCounter":0,"rootKey":"sh49uX6wocDMSIYEu8qCYkSGwZF3fLuJzoEKAcMYWr8="},"indexInfo":{"baseKey":"BbdftSEPCZdolk+MVbUknAphrSA0PAFjR8V1T2U3kLdT","baseKeyType":2,"closed":-1,"used":1676296816474,"created":1676296816474,"remoteIdentityKey":"BQwqVZmaeYcL+xZlBEO6IB3+BUA1D2pBtbMuXj+80RUg"},"_chains":{"BbDikRs/0SKUsCFgv7C4In6+gozONCOuw82DOf6V7AA7":{"chainKey":{"counter":1,"key":"i9kLsPC29vamzM1Osfo2p7H+P0IwPu7Zg/oSqoIk6sw="},"chainType":2,"messageKeys":{}},"BfC37j1jOWepwzibkaTz7tcT1sfJh3uHXQbfxlkkvDYW":{"chainKey":{"counter":-1,"key":"/W+FvB+ySL70yxBvwLnicwQ0iX6XbVOYrZjnCBIviG0="},"chainType":1,"messageKeys":{}}}}},"version":"v1"}