{"_sessions":{"BadD3qFe5DnCHGMjx1jz+3lHltp8ephK5EslHfQxq+0o":{"registrationId":24,"currentRatchet":{"ephemeralKeyPair":{"pubKey":"BamFxFqP25EPVYKWgMgwgo3xz9f/cjCwJoAAcRont5xq","privKey":"gHscYbn7b20LeyiwrcqeunlDdKb/grlZiaQKbyjEYVs="},"lastRemoteEphemeralKey":"BeEyOYDKStx90Lc2zMGUYgYgcZHNoWHIl7EUwkU9a6Eq","previousCounter":0,"rootKey":"r3JTLM2jiPS9g4ssy/Pxi9kohzVOjDgOfbkMh4ElW+A="},"indexInfo":{"baseKey":"BadD3qFe5DnCHGMjx1jz+3lHltp8ephK5EslHfQxq+0o","baseKeyType":2,"closed":1676887761704,"used":1676710842550,"created":1676710842550,"remoteIdentityKey":"BVxYQUaTLdJHxxY5d2Ol2cn6CPj0TjZjEi/8wuURjW1b"},"_chains":{"BeEyOYDKStx90Lc2zMGUYgYgcZHNoWHIl7EUwkU9a6Eq":{"chainKey":{"counter":0,"key":"U0H1nXRQa8wwqzGGB4lFxyWAEaVssb44h2GVG4mIDEw="},"chainType":2,"messageKeys":{}},"BamFxFqP25EPVYKWgMgwgo3xz9f/cjCwJoAAcRont5xq":{"chainKey":{"counter":0,"key":"pX1VgLz43OOEtETWNHBrmYGDdTphXpoDtmE3Uh28CO0="},"chainType":1,"messageKeys":{}}}},"BZj/S4VKv96C35qN1IzDZGzNBQ+qtKTCwxoGFZKLfxNE":{"registrationId":24,"currentRatchet":{"ephemeralKeyPair":{"pubKey":"BY3r9ZbgJM3xTETp/eYJUbwLfeZiEcApzvHrvptglKw5","privKey":"CA8+pvg0Zo2aq2uKEd1jK8EdO5S7k9MVdjPYFg9ucEo="},"lastRemoteEphemeralKey":"BRBcHzIp5mh8E5VXfYcElyh7kPT2D09IQ3GhSP2wIvta","previousCounter":0,"rootKey":"K9Y2Zuq65V6oJ+lXdSw0h9a2s0+OMBM3p8ELTSGlbvQ="},"indexInfo":{"baseKey":"BZj/S4VKv96C35qN1IzDZGzNBQ+qtKTCwxoGFZKLfxNE","baseKeyType":2,"closed":-1,"used":1676887761709,"created":1676887761709,"remoteIdentityKey":"BVxYQUaTLdJHxxY5d2Ol2cn6CPj0TjZjEi/8wuURjW1b"},"_chains":{"BRBcHzIp5mh8E5VXfYcElyh7kPT2D09IQ3GhSP2wIvta":{"chainKey":{"counter":0,"key":"fHAOf/BLgffKfJERVxTXzDtmEWFozdjGGx9A7r+iNMU="},"chainType":2,"messageKeys":{}},"BY3r9ZbgJM3xTETp/eYJUbwLfeZiEcApzvHrvptglKw5":{"chainKey":{"counter":-1,"key":"YtnPucn648Df8/OgB1mIxFyXT7/PFb1+2ZlPYbTpRCg="},"chainType":1,"messageKeys":{}}}}},"version":"v1"}