{"_sessions":{"BSOd+vtzYxF4wWXYCjINMlRl03DRkD/tY6Zcc8ya2Bhu":{"registrationId":20,"currentRatchet":{"ephemeralKeyPair":{"pubKey":"BW5D2TyUqC6ZYNj3mnN+fTRYx1E+r1frnXGSUTgfIs4e","privKey":"6HsQ/mD40pMBmL/xq7Bj0Yg0Nx23g0Hgno/v0mFQUkw="},"lastRemoteEphemeralKey":"BZrhGl2is2f8qpzN6CShoMB1fmphP0Qc07zNE8EtLoN0","previousCounter":13,"rootKey":"Cb8w5elRTu2gdfhx7YhrNgu45CdWAo2lO4NFhHLPlMg="},"indexInfo":{"baseKey":"BSOd+vtzYxF4wWXYCjINMlRl03DRkD/tY6Zcc8ya2Bhu","baseKeyType":1,"closed":-1,"used":1676924310683,"created":1676241198281,"remoteIdentityKey":"BZQp7m6EfPZTeXdcHceeb+O7fY8ipuhMDbDSE+JhL0gg"},"_chains":{"BUTgnlpXSFSLTdPXdVWA2cU+HZpDKeUFGN1mJJdRKItb":{"chainKey":{"counter":2},"chainType":2,"messageKeys":{}},"BebaOFCYDMajWPIVHRs5xdyXhcyYSLEW4ZS9hJgWUWox":{"chainKey":{"counter":0},"chainType":2,"messageKeys":{}},"BXoJzVp0AKtudLhfdSjN5qf5HN974p1V6Fgh3Mes7qYn":{"chainKey":{"counter":0},"chainType":2,"messageKeys":{}},"BeBvS7PnHzHJXlARRYSZbtyaOwOuhl7SK1AqqQNFmF4d":{"chainKey":{"counter":0},"chainType":2,"messageKeys":{}},"BcrfRUUdSin9e5m5khbdSaVpeTl3kNWMrDdQzQ0xXn1d":{"chainKey":{"counter":0},"chainType":2,"messageKeys":{}},"BXyWnVC5gT1JaMCIVIDiQvjq/Wa006b+KD65WLheLPdh":{"chainKey":{"counter":2},"chainType":2,"messageKeys":{}},"BbekZ8AnwWW2Jg2sChgZEd25vS8ELORG55pb/anx2+ox":{"chainKey":{"counter":1},"chainType":2,"messageKeys":{}},"BWnIeoqvPDVORRrLALR8IAEE4XrSM8pmEdhrONd4uXBK":{"chainKey":{"counter":0},"chainType":2,"messageKeys":{}},"Bb5WVRbvEj5lyXjDnk1ZqVkHhoOh21iSFO55hYWA4CkL":{"chainKey":{"counter":0},"chainType":2,"messageKeys":{}},"BWlbRFsPsrhpCHknXhQqM+UMn3O/H4RBjni3iAMGlJEn":{"chainKey":{"counter":0},"chainType":2,"messageKeys":{}},"BeE4iCXRzMtrZtB8z65mpJoA2cEFMlevcmEr7qFj0xky":{"chainKey":{"counter":0},"chainType":2,"messageKeys":{}},"BR4MIFfBkSWtffjeMxhfQhhNLLDNVZZgi2w2vAJyIF8S":{"chainKey":{"counter":0},"chainType":2,"messageKeys":{}},"Bcwo4IyagOaPCk3bPUIN9TGbL7pij8vHePQt09d9on9g":{"chainKey":{"counter":0},"chainType":2,"messageKeys":{}},"BbKA1vuytLaZSrlMwBwQyr8VarYMFzMouyhcCaS3DIIz":{"chainKey":{"counter":2},"chainType":2,"messageKeys":{}},"BT9VysV/3p8muyXDUhZdb+MvvnPsgJbbI+2O/v0KMFsB":{"chainKey":{"counter":1},"chainType":2,"messageKeys":{}},"BZFGjiPX1JczDp9lWhgbNmziztY4fUVUul2phvIiCghV":{"chainKey":{"counter":2},"chainType":2,"messageKeys":{}},"BWmsMI5D4139SJ6+wX639uJ2031Pxjl4f9ht9zkHkVEg":{"chainKey":{"counter":0},"chainType":2,"messageKeys":{}},"BUI1qYu5akfdNNwkG0EktYbmYJWl8lDnFRThUjWScjpi":{"chainKey":{"counter":1},"chainType":2,"messageKeys":{}},"BVpse/MfViFJR8lY7Kicj1jwxKAwhMoaN2WFSqZaeCR+":{"chainKey":{"counter":4},"chainType":2,"messageKeys":{}},"BTDoxhn84efilp/gZtCzf3br29J4PCgE5RHO4+8PdP92":{"chainKey":{"counter":0},"chainType":2,"messageKeys":{}},"BZrhGl2is2f8qpzN6CShoMB1fmphP0Qc07zNE8EtLoN0":{"chainKey":{"counter":0,"key":"/2T96uZENSsJliUkjqxi8pWhWY2S3nkyWnLhAMI1Mg4="},"chainType":2,"messageKeys":{}},"BW5D2TyUqC6ZYNj3mnN+fTRYx1E+r1frnXGSUTgfIs4e":{"chainKey":{"counter":2,"key":"293hLg+50llpQEhFGT5LFi+clwZ7JwfBIGPwJS9vsNA="},"chainType":1,"messageKeys":{}}}}},"version":"v1"}