{"_sessions":{"BYVLutX+LbFdXG4GWtgnkONkToppJTCw6e+ZWnCDBN1n":{"registrationId":91039203,"currentRatchet":{"ephemeralKeyPair":{"pubKey":"BcfHxcMHFfxuAD2MQVszqkvZLu/RG5qBPapnnqL0bi8J","privKey":"wO6JD6oKHjm4OBQzqjMOm5/emtw7ym3DsnNGUDF8HnA="},"lastRemoteEphemeralKey":"BWH6mWA7klZTzJkC1XbfXI3+nUdv1Xq7w8kyiYwewZQh","previousCounter":0,"rootKey":"cflzuS8y8Bj0nqn2rUuxGOwPjo9J8CVzC62z36vGhqQ="},"indexInfo":{"baseKey":"BYVLutX+LbFdXG4GWtgnkONkToppJTCw6e+ZWnCDBN1n","baseKeyType":1,"closed":-1,"used":1676725513431,"created":1676725513431,"remoteIdentityKey":"BbCeukLaSyC0GahQRLl4DF1z1Vkdk+GTAOXwhx2S64Jj"},"_chains":{"BcfHxcMHFfxuAD2MQVszqkvZLu/RG5qBPapnnqL0bi8J":{"chainKey":{"counter":0,"key":"hm4miISk2fopmXWjzVThm5iPRAgm6/jynDYiJVZar90="},"chainType":1,"messageKeys":{}}},"pendingPreKey":{"signedKeyId":26,"baseKey":"BYVLutX+LbFdXG4GWtgnkONkToppJTCw6e+ZWnCDBN1n","preKeyId":1435719}}},"version":"v1"}