{"_sessions":{"BVcVuqjfvEaOvnMns0UsDkTshFRS7uFDH75BHd1iTAcH":{"registrationId":1563015014,"currentRatchet":{"ephemeralKeyPair":{"pubKey":"BeuheHczqzOhtrZWksZ8MeXAafD6J1Zw5TNtz4YTsBV8","privKey":"EG3ZtUjcRqyIpuaPeIUuZvMC8wfcH9y7YfUYUes523I="},"lastRemoteEphemeralKey":"BeJfoFl5t+jZ710Rfntj2CXR+4a0Pvda5KTCV97DlHAB","previousCounter":0,"rootKey":"HSCC/cB03rdMZeV9NJymFf1BPWSb5cftc1Se2C0k64E="},"indexInfo":{"baseKey":"BVcVuqjfvEaOvnMns0UsDkTshFRS7uFDH75BHd1iTAcH","baseKeyType":1,"closed":-1,"used":1676725513448,"created":1676725513448,"remoteIdentityKey":"BRGGc3YGVwl0q38WgCjKkjXHlxwxFkan7MDSZl99qUdA"},"_chains":{"BeuheHczqzOhtrZWksZ8MeXAafD6J1Zw5TNtz4YTsBV8":{"chainKey":{"counter":0,"key":"BO7KDOSQoN+Vj9E43jX762amANiajyMlzzX9HkSvA10="},"chainType":1,"messageKeys":{}}},"pendingPreKey":{"signedKeyId":12599768,"baseKey":"BVcVuqjfvEaOvnMns0UsDkTshFRS7uFDH75BHd1iTAcH","preKeyId":386}}},"version":"v1"}