{"_sessions":{"Bb8JizVsAwO1kx38QV+xI+lWhH9Opf5eZ111SKYE031o":{"registrationId":701824765,"currentRatchet":{"ephemeralKeyPair":{"pubKey":"Bc17IHqmjjnSEn1m70RwsmA+S0iKHyp5uy/QIAemQcUy","privKey":"MPeR4RQ8poR6lWQ5iuJV/5z3eD7tGCSzDY77qFwZgmI="},"lastRemoteEphemeralKey":"BXwGeRWBlKKWHWnaytHcP7JZvR7inFhJWSJTckjCLQt2","previousCounter":0,"rootKey":"u2N1eXvklA1pIZZbbyu01iqtTqTpIqwHs0IHvQ03sHI="},"indexInfo":{"baseKey":"Bb8JizVsAwO1kx38QV+xI+lWhH9Opf5eZ111SKYE031o","baseKeyType":1,"closed":-1,"used":1676725513423,"created":1676725513423,"remoteIdentityKey":"BTQ6U05ejP8n/GvXqyUh8WIuZbOGguBTPyugkAap1+Ym"},"_chains":{"Bc17IHqmjjnSEn1m70RwsmA+S0iKHyp5uy/QIAemQcUy":{"chainKey":{"counter":0,"key":"Hh6FCa9m9Y1AHenuvCIwdLUGQwaw6gfwB3XlV8/rKq0="},"chainType":1,"messageKeys":{}}},"pendingPreKey":{"signedKeyId":9,"baseKey":"Bb8JizVsAwO1kx38QV+xI+lWhH9Opf5eZ111SKYE031o","preKeyId":16582129}}},"version":"v1"}