{"_sessions":{"BSxsXdYTA9zeXHbCufwZ51B88CzQdk+fM3RbyESct7Yr":{"registrationId":1230076707,"currentRatchet":{"ephemeralKeyPair":{"pubKey":"BTU98gK/YZ0I8aXQgbiEH2Vlkk5azpxp2gtCdEUlL9Ec","privKey":"cPr1QuGsmsI7J4s1k+K4pLYTTTuBx9RxcKkr65mTqlI="},"lastRemoteEphemeralKey":"BVdAoeL1t+tTljDbACpx/GU2uXWEVfMZxMTKpjzBWbM5","previousCounter":0,"rootKey":"QeMJQI7OY1TyrRwAQOz23lN46rTQjhU8Vsr0Z6wrLM0="},"indexInfo":{"baseKey":"BSxsXdYTA9zeXHbCufwZ51B88CzQdk+fM3RbyESct7Yr","baseKeyType":2,"closed":-1,"used":1676272746391,"created":1676272746391,"remoteIdentityKey":"BTnCRXIPzRo51m8lic7xeJX2B6kX7KGJBRNPopt64q4q"},"_chains":{"BVdAoeL1t+tTljDbACpx/GU2uXWEVfMZxMTKpjzBWbM5":{"chainKey":{"counter":0,"key":"le+cCYkQ6fiJqbbnBXmavY+gKEXoIFhkcGjtSnem85M="},"chainType":2,"messageKeys":{}},"BTU98gK/YZ0I8aXQgbiEH2Vlkk5azpxp2gtCdEUlL9Ec":{"chainKey":{"counter":-1,"key":"2cBn2pJVCXXYIhs38LAB2z2tDNzZzYxRDLaAaISxGI0="},"chainType":1,"messageKeys":{}}}}},"version":"v1"}