{"_sessions":{"Be+0YmcBpYhjM3zFUWO7sRQHUOZWbePfSr5cu0WNTcxc":{"registrationId":10312,"currentRatchet":{"ephemeralKeyPair":{"pubKey":"BVHRrB8Bn5oh6Q+q4rFMVXHGV76dBq2/GQzWJ2IKWill","privKey":"kPrjMs2WOsxEYYQtNYpO/zTfpadYO5GOr4AmIywhEks="},"lastRemoteEphemeralKey":"BWKp4pnSKq7yYyTE+CGYhjcjy6zZGVUeKZsa1NGsFXI4","previousCounter":0,"rootKey":"JrSoivIMN4M9NEYvDIUei8CKh7YpN/44+nPgsjBtN9Y="},"indexInfo":{"baseKey":"Be+0YmcBpYhjM3zFUWO7sRQHUOZWbePfSr5cu0WNTcxc","baseKeyType":2,"closed":-1,"used":1676962058920,"created":1676962058920,"remoteIdentityKey":"BUhaXlgJ4Sgg7JZuoKiwFkHA1XRsZdsHgAGI+gkndLJm"},"_chains":{"BWKp4pnSKq7yYyTE+CGYhjcjy6zZGVUeKZsa1NGsFXI4":{"chainKey":{"counter":0,"key":"80xRard/FTRzamHiKt44salXmpvaj3bci3VJXBcS7fY="},"chainType":2,"messageKeys":{}},"BVHRrB8Bn5oh6Q+q4rFMVXHGV76dBq2/GQzWJ2IKWill":{"chainKey":{"counter":-1,"key":"wyGeDVHkc/3PcB6sj9NPjjRjakdllbIW3O/GAMsFhFc="},"chainType":1,"messageKeys":{}}}}},"version":"v1"}