{"_sessions":{"BVYkGCjipkiOFhSUcpgqrwYaxavIwnjeaB380096gyVJ":{"registrationId":1124557342,"currentRatchet":{"ephemeralKeyPair":{"pubKey":"BaQ3G88mI7pNquxLEia3/HiazjI1KIzXUBAw7KnDuGUD","privKey":"4KG9RhObVmB+dr2LMFERMqw2ayL0mqx0Pkl3k2Id5mI="},"lastRemoteEphemeralKey":"BUPM6YiNmKNX4fASYRKCUjga47SxlWeCpDlOJZYMctkA","previousCounter":0,"rootKey":"fNfoClAA7KO5gzf+XJ93kHG/7mLd8a9bxjkMX9Hrm40="},"indexInfo":{"baseKey":"BVYkGCjipkiOFhSUcpgqrwYaxavIwnjeaB380096gyVJ","baseKeyType":2,"closed":-1,"used":1676296816460,"created":1676296816460,"remoteIdentityKey":"BcYkSISqS2nDSLB1EMyTd/OK4HTwSZLfn864p4eg0mAu"},"_chains":{"BUPM6YiNmKNX4fASYRKCUjga47SxlWeCpDlOJZYMctkA":{"chainKey":{"counter":4,"key":"whePZKFXM3wQQhc8Hfz7FmpWZKySSsPlER/7hYQOv6Y="},"chainType":2,"messageKeys":{}},"BaQ3G88mI7pNquxLEia3/HiazjI1KIzXUBAw7KnDuGUD":{"chainKey":{"counter":-1,"key":"vaKqWkSTNc15Qxp3mh6WrOFqs1tcLn1gDCVroQccR3E="},"chainType":1,"messageKeys":{}}}}},"version":"v1"}