{"_sessions":{"BUPl4AdIgBqLWqf60LSOqf2BheXiLXJIz8fiY4jBwfk6":{"registrationId":1423719982,"currentRatchet":{"ephemeralKeyPair":{"pubKey":"BZszQJVYQYK1GliNBq/c4YKnvJW7UPDsVss+XAotQm8o","privKey":"MJj+upyFab9L1Gp66UfcWyBQQEZFEHkx0y4kaGrWCn0="},"lastRemoteEphemeralKey":"BVOkMYqRyebgXm73qI7PMmUh3BADAjxMWd0MEiPkXuZN","previousCounter":0,"rootKey":"y+ywo5PWiICrECI1lZZMAAX1TCR0YY4Mh4kS/71H668="},"indexInfo":{"baseKey":"BUPl4AdIgBqLWqf60LSOqf2BheXiLXJIz8fiY4jBwfk6","baseKeyType":1,"closed":-1,"used":1676725513443,"created":1676725513443,"remoteIdentityKey":"BSCPUJHhxJn8IPl9Hnl8UiVWcKeVl9lEOYBxXPS1O+It"},"_chains":{"BZszQJVYQYK1GliNBq/c4YKnvJW7UPDsVss+XAotQm8o":{"chainKey":{"counter":0,"key":"do7YYQhkoUtCFA4jiFtdkowPIvlDDixsMewbuegzMJo="},"chainType":1,"messageKeys":{}}},"pendingPreKey":{"signedKeyId":1,"baseKey":"BUPl4AdIgBqLWqf60LSOqf2BheXiLXJIz8fiY4jBwfk6","preKeyId":1228793}}},"version":"v1"}