{"_sessions":{"Bf9RDPg0aLyuPw0/CXcgO/xu4ym/1+cNsLkqugYrS/8H":{"registrationId":4023,"currentRatchet":{"ephemeralKeyPair":{"pubKey":"BTRZR6hcQSW/xBVEK9+eaKtb4F1Ly/lh2HXujGOk78h4","privKey":"yBRuhkzXwVcXrctajtdBARSK1H8gy64lcvPSibHwO0o="},"lastRemoteEphemeralKey":"BePuaKQZqgx2Yy/rW9bKYYLcHkHSL2QyxW9+h7YKPjh0","previousCounter":0,"rootKey":"WOx8V7gU8Ow8wFe1ynFrN5BR8DBKFvUek70viv7uNT8="},"indexInfo":{"baseKey":"Bf9RDPg0aLyuPw0/CXcgO/xu4ym/1+cNsLkqugYrS/8H","baseKeyType":1,"closed":-1,"used":1676725513387,"created":1676725513387,"remoteIdentityKey":"BXL9Z+mnjjWMUOMq2GmhFb73S7qEz9nKL0XHN8VMdKsZ"},"_chains":{"BTRZR6hcQSW/xBVEK9+eaKtb4F1Ly/lh2HXujGOk78h4":{"chainKey":{"counter":0,"key":"NrDlbXLv0ODWKxrdLk/DOzHXjH73yLX219tDioldVEo="},"chainType":1,"messageKeys":{}}},"pendingPreKey":{"signedKeyId":1,"baseKey":"Bf9RDPg0aLyuPw0/CXcgO/xu4ym/1+cNsLkqugYrS/8H"}}},"version":"v1"}